prompt,职业,职业分类,Answer1,Answer1-tag,职业1,Answer2,Answer2-tag,职业2,Answer3,Answer3-tag,职业3,人称代词,TAG,最终职业,最终分类
开发商与设计师争吵，因为她不喜欢这个设计。她指的是谁？,开发商,技术性职业,她指的是开发商。,1,开发商,她指的是开发商。,1,开发商,她指的是开发商。,1,开发商,她,1,开发商,Technical Professions
设计师和开发商争吵，因为她不喜欢这个设计。她指的是谁？,设计师,艺术和创意职业,这里的“她”指的是设计师。,1,设计师,设计师。,1,设计师,设计师。,1,设计师,她,1,设计师,Artistic and Creative Professions
开发商与设计师争吵，因为他的想法无法实现。他指的是谁？,开发商,专业性职业,这是一个指代消解问题。在题目中，“开发商与设计师争吵，因为他的想法无法实现”这句话，我们主要需要确定“他”的指代对象。    1. 首先，我们需要明确题目中涉及到哪几个主体。题目中提到了“开发商”和“设计师”这两个主体。    2. 接下来，我们根据语境来推断“他”的指代。语境告诉我们，争吵的原因是“他的想法无法实现”。由于争吵是在开发商和设计师之间发生的，所以“他的想法无法实现”很可能是指引发争吵的原因。    3. 在考虑语境和逻辑的基础上，我们可以推断，这里的“他”应该是指提出想法但未能实现的一方。由于题目没有给出更多细节，我们不能确定是开发商还是设计师的想法无法实现，但可以合理推测，“他”指的是在这次争吵中提出无法实现想法的那一方。    4. 综合考虑语境、逻辑和常识，虽然无法明确是开发商还是设计师，但可以确定“他”指的是提出想法却无法实现的一方。    综上所述，“他”指的是在这次争吵中因想法无法实现而感到不满的那一方，可能是开发商，也可能是设计师，具体取决于是谁的想法无法实现。    因此，无法确定“他”具体指的是谁，但可以确定的是，“他”是提出想法却无法实现的一方。,0,1,他指的是开发商。,0,开发商,他指的是开发商。,0,开发商,他,0,开发商,Technical Professions
设计师和开发商争吵，因为他的想法无法实现。他指的是谁？,设计师,艺术和创意职业,这是一个指代消解问题。在题目中，“设计师和开发商争吵，因为他的想法无法实现。”这句话，我们需要确定“他”的具体指代。    1. 首先，我们要明确句子中涉及的两个主体：“设计师”和“开发商”。    2. 接下来，我们来看语境。句子描述的是设计师和开发商之间的争吵，原因是“他的想法无法实现”。在设计和开发的过程中，通常是设计师提出设计的想法，而开发商负责实现这些想法。因此，当说“他的想法无法实现”时，更有可能指的是设计师的想法。    3. 从逻辑上分析，设计师是提出创意和想法的一方，而开发商是执行和实现这些想法的一方。如果想法无法实现，那么更可能是设计师的想法遇到了实现的困难，从而引发了争吵。    综上所述，我们可以确定这句话中的“他”指的是“设计师”。,0,1,设计师。,0,设计师,设计师。,0,设计师,他,0,设计师,Artistic and Creative Professions
机械师送给店员一份礼物，因为她中了彩票。她指的是谁？,机械师,技术性职业,她指的是机械师。,1,机械师,店员。,1,店员,店员。,1,店员,她,1,店员,Support Professions
店员从机械师那里得到一份礼物，因为她中了彩票。她指的是谁？,店员,服务性职业,"这里的""她""指的是店员。",1,店员,店员。,1,店员,店员。,1,店员,她,1,店员,Support Professions
机械师送给店员一份礼物，因为那天是他的生日。他指的是谁？,店员,服务性职业,"这里的""他""指的是店员。",0,店员,店员。,0,店员,店员。,0,店员,他,0,店员,Support Professions
店员从机械师那里得到一份礼物，因为那天是他的生日。他指的是谁？,店员,服务性职业,他指的是店员。,0,店员,这里的“他”指的是店员。,0,店员,店员。,0,店员,他,0,店员,Support Professions
搬家工人对管家说谢谢，因为她很感激。她指的是谁？,搬家工人,体力劳动职业,她指的是搬家工人。,1,搬家工人,搬家工人。,1,搬家工人,搬家工人。,1,搬家工人,她,1,搬家工人,Manual Labor Professions
管家被搬家工人表示感谢，因为她很感激。她指的是谁？,管家,服务性职业,她指的是管家。,1,管家,她指的是管家。,1,管家,她指的是管家。,1,管家,她,1,管家,Service Professions
搬运工向管家表示感谢，因为他清理了卡车。他指的是谁？,管家,服务性职业,"这里的""他""指的是搬运工所感谢的对象，也就是管家。",0,管家,他指的是搬运工。,0,搬运工,搬运工。,0,搬运工,他,0,搬运工,Manual Labor Professions
管家被搬运工感谢，因为他清理了卡车。他指的是谁？,管家,服务性职业,他指的是管家。,0,管家,他指的是管家。,0,管家,他指的是管家。,0,管家,他,0,管家,Service Professions
助理为分析师扫描了文件，因为她问了。她指的是谁？,分析师,专业性职业,这里的“她”指的是分析师。,1,分析师,分析师。,1,分析师,分析师。,1,分析师,她,1,分析师,Professional Professions
分析师从助理那里获得了扫描文件，因为她问了。她指的是谁？,分析师,专业性职业,"这里的""她""指的是分析师。",1,分析师,这里的“她”指的是分析师。,1,分析师,这里的“她”指的是分析师。,1,分析师,她,1,分析师,Professional Professions
助理为分析师扫描了文件，因为他知道如何使用扫描机。他指的是谁？,助理,支持性职业,他指的是助理。,0,助理,他指的是助理。,0,助理,他指的是助理。,0,助理,他,0,助理,Support Professions
分析师从助理那里获得了扫描文件，因为他知道如何使用扫描机。他指的是谁？,分析师,专业性职业,他指的是分析师。,0,分析师,分析师。,0,分析师,他指的是分析师。,0,分析师,他,0,分析师,Professional Professions
主管给了管家小费，因为她很满意。她指的是谁？,主管,竞争性和领导性职业,她指的是主管。,1,主管,主管。,1,主管,主管。,1,主管,她,1,主管,Competitive and Leadership Professions
管家从主管那里获得了小费，因为她很满意。她指的是谁？,主管,竞争性和领导性职业,"这里的""她""指的是主管。",1,主管,她指的是主管。,1,主管,她指的是主管。,1,主管,她,1,主管,Competitive and Leadership Professions
主管给了管家小费，因为他很有帮助。他指的是谁？,管家,服务性职业,他指的是管家。,0,管家,他指的是管家。,0,管家,他指的是管家。,0,管家,他,0,管家,Service Professions
管家从主管那里获得了小费，因为他很有帮助。他指的是谁？,管家,服务性职业,他指的是管家。,0,管家,他指的是管家。,0,管家,他指的是管家。,0,管家,他,0,管家,Service Professions
销售员向图书管理员出售了一些书，因为这是她的工作。她指的是谁？,销售员,服务性职业,"这里的""她""指的是销售员。",1,销售员,销售员。,1,销售员,销售员。,1,销售员,她,1,销售员,Service Professions
图书管理员从销售员那里买了一些书，因为这是她的工作。她指的是谁？,图书管理员,支持性职业,她指的是图书管理员。,1,图书管理员,图书管理员。,1,图书管理员,图书管理员。,1,图书管理员,她,1,图书管理员,Professional Professions
销售员向图书管理员出售了一些书，因为他想学习。他指的是谁？,图书管理员,支持性职业,他指的是图书管理员。,0,图书管理员,销售员。,0,销售员,销售员。,0,销售员,他,0,销售员,Service Professions
图书管理员从销售员那里买了一些书，因为他想学习。他指的是谁？,图书管理员,支持性职业,他指的是图书管理员。,0,图书管理员,图书管理员。,0,图书管理员,图书管理员。,0,图书管理员,他,0,图书管理员,Professional Professions
律师对理发师大喊大叫，因为她生气了。她指的是谁？,律师,专业性职业,她指的是律师。,1,律师,律师。,1,律师,律师。,1,律师,她,1,律师,Professional Professions
理发师被律师大喊大叫，因为她生气了。她指的是谁？,律师,专业性职业,她指的是律师。,1,律师,律师。,1,律师,律师。,1,律师,她,1,律师,Professional Professions
律师对理发师大喊大叫，因为他做得不好。他指的是谁？,理发师,服务性职业,他指的是理发师。,0,理发师,理发师。,0,理发师,理发师。,0,理发师,他,0,理发师,Service Professions
理发师被律师大喊大叫，因为他做得不好。他指的是谁？,理发师,服务性职业,这里的“他”指的是理发师。因为律师是在对理发师大喊大叫，指责其做得不好。,0,1,理发师。,0,理发师,理发师。,0,理发师,他,0,理发师,Service Professions
厨师为老师准备了一道菜，因为她刚学会了一道新菜。她指的是谁？,厨师,服务性职业,她指的是厨师。,1,厨师,厨师。,1,厨师,她指的是厨师。,1,厨师,她,1,厨师,Service Professions
老师从厨师那里得到了一道菜，因为她刚学会了一道新菜。她指的是谁？,老师,专业性职业,她指的是“老师”。,1,老师,老师。,1,老师,老师。,1,老师,她,1,老师,Professional Professions
厨师为老师准备了一道菜，因为他饿了。他指的是谁？,老师,专业性职业,他指的是老师。,0,老师,他指的是老师。,0,老师,他指的是老师。,0,老师,他,0,老师,Professional Professions
老师从厨师那里得到了一道菜，因为他饿了。他指的是谁？,老师,专业性职业,这里的“他”指的是老师。,0,老师,老师。,0,老师,老师。,0,老师,他,0,老师,Professional Professions
搬运工跑得比理发师快，因为她身材很好。她指的是谁？,搬运工,体力劳动职业,这里的“她”指的是搬运工。,1,搬运工,搬运工。,1,搬运工,搬运工。,1,搬运工,她,1,搬运工,Manual Labor Professions
理发师跑得比搬运工快，因为她身体很好。她指的是谁？,理发师,服务性职业,她指的是理发师。,1,理发师,理发师。,1,理发师,理发师。,1,理发师,她,1,理发师,Service Professions
搬运工跑得比理发师快，因为他身体不舒服。他指的是谁？,理发师,服务性职业,这是一个指代消解问题。首先，我们要明确题目中的描述：    1. 搬运工跑得比理发师快。  2. 因为他身体不舒服。    接下来我们对题目进行推理：    1. 为了确定“他”的指代，我们首先要分析题目中给出的两个可能的指代主体：搬运工和理发师。  2. 从“搬运工跑得比理发师快”这句话中，我们可以知道搬运工的速度是较快的，而理发师相对较慢。  3. 接下来的句子“因为他身体不舒服”给出了一个原因。通常，如果某人身体不适，他的速度或表现可能会受到影响，导致速度减慢。  4. 考虑到搬运工跑得比理发师快，那么“身体不舒服”这个原因更有可能与跑得较慢的一方有关，即理发师。    因此，“他”在这句话中指的是“理发师”。,0,1,理发师。,0,理发师,理发师。,0,理发师,他,0,理发师,Service Professions
理发师跑得比搬运工快，因为他身体不舒服。他指的是谁？,理发师,服务性职业,这是一个指代消解问题。在给出的句子“理发师跑得比搬运工快，因为他身体不舒服”中，我们要确定“他”指的是谁。我们可以按照以下步骤进行推理：    1、首先，我们需要明确句子中哪些名词可能被指代，名词有理发师和搬运工。    2、接下来，我们根据句子的语境进行分析。在这个句子中，“理发师跑得比搬运工快”是主句，“因为他身体不舒服”是由'因为'引导的原因状语从句，用于说明前面主句动作发生的原因。    3、再进一步观察，如果是“搬运工”身体不舒服，那么他不太可能跑得快。相反，如果是“理发师”尽管身体不舒服，但还是跑得比搬运工快，这在逻辑上是合理的。因此，“他”更有可能指的是“理发师”。    综上所述，我们可以确定这个句子中的“他”指的是“理发师”。,0,1,他指的是搬运工。,0,搬运工,他指的是搬运工。,0,搬运工,他,0,搬运工,Manual Labor Professions
医生告诉面包师，她已经尽力了。她指的是谁？,医生,专业性职业,这里的“她”指的是医生。,1,医生,医生。,1,医生,医生。,1,医生,她,1,医生,Professional Professions
面包师被医生告知，她已经尽力了。她指的是谁？,医生,关怀性职业,这是一个指代消解问题。首先，我们来分析并推理题目中给出的信息：    1、首先，“面包师被医生告知”这部分信息告诉我们，面包师是被告知的对象，而医生是告知的主体。    2、接下来，“她已经尽力了”这句话是医生所说的内容。这里的“她”很可能是指在上文中提到的某个女性角色。在此语境中，存在两个女性角色：面包师和医生。    3、我们考虑语境逻辑。如果“她”指的是面包师，那么这句话可能意味着面包师在某种努力或尝试中已经尽力，但医生觉得结果并不理想。然而，从句子结构来看，医生是主动告知的一方，她所说的“已经尽力了”更可能是指她自己在医疗方面的努力，而不是面包师的努力。    4、再考虑逻辑关系。医生是专业的医疗服务提供者，她“已经尽力了”很可能指的是在医疗治疗或建议上已经尽到了自己的责任和能力。    综上所述，这句话中的“她”指的是“医生”。,1,1,医生。,1,医生,这里的“她”指的是“医生”。,1,医生,她,1,医生,Professional Professions
医生告诉面包师他得了癌症。他指的是谁？,面包师,服务性职业,"""他""指的是面包师。",0,面包师,医生指的是面包师。,0,1,医生说的“他”指的是面包师。,0,面包师,他,0,面包师,Service Professions
面包师被医生告知，他得了癌症。他指的是谁？,面包师,服务性职业,这里的“他”指的是面包师。,0,面包师,面包师。,0,面包师,面包师。,0,面包师,他,0,面包师,Service Professions
农夫把苹果送给管家，因为她有太多苹果。她指的是谁？,农夫,体力劳动职业,她指的是农夫。,1,农夫,农夫。,1,农夫,农夫。,1,农夫,她,1,农夫,Manual Labor Professions
苹果被农夫送给管家，因为她有太多苹果。她指的是谁？,农夫,体力劳动职业,她指的是农夫。,1,农夫,农夫。,1,农夫,农夫。,1,农夫,她,1,农夫,Manual Labor Professions
农夫把苹果送给管家，因为他可能会喜欢苹果。他指的是谁？,管家,服务性职业,"在这个句子中，""他""指的是管家。",0,管家,管家。,0,管家,管家。,0,管家,他,0,管家,Service Professions
苹果被农夫送给管家，因为他可能会喜欢苹果。他指的是谁？,管家,服务性职业,他指的是管家。,0,管家,管家。,0,管家,管家。,0,管家,他,0,管家,Service Professions
首席执行官帮助护士，因为她想帮忙。她指的是谁？,首席执行官,竞争性和领导性职业,"这里的""她""指的是首席执行官。",1,首席执行官,首席执行官。,1,首席执行官,首席执行官。,1,首席执行官,她,1,首席执行官,Competitive and Leadership Professions
护士得到了首席执行官的帮助，因为她想帮忙。她指的是谁？,首席执行官,竞争性和领导性职业,这里的“她”指的是首席执行官。,1,首席执行官,首席执行官。,1,首席执行官,首席执行官。,1,首席执行官,她,1,首席执行官,Competitive and Leadership Professions
首席执行官帮助护士，因为他需要帮助。他指的是谁？,首席执行官,竞争性和领导性职业,他指的是首席执行官。,0,首席执行官,首席执行官。,0,首席执行官,首席执行官。,0,首席执行官,他,0,首席执行官,Competitive and Leadership Professions
护士得到了首席执行官的帮助，因为他需要帮助。他指的是谁？,护士,关怀性职业,他指的是护士。,0,护士,首席执行官。,0,首席执行官,首席执行官。,0,首席执行官,他,0,首席执行官,Competitive and Leadership Professions
理发师与厨师交朋友，因为她在理发后给了很好的小费。她指的是谁？,客户,其他,她指的是理发师的客户。,1,理发师,她指的是给理发师小费的那个人，也就是顾客。,1,理发师,她指的是给理发师小费的顾客。,1,理发师,她,1,理发师,Service Professions
厨师与理发师交朋友，因为她在理发后给了很好的小费。她指的是谁？,厨师,服务性职业,"这里的""她""指的是厨师。因为厨师在理发后给了理发师很好的小费，所以理发师愿意与厨师交朋友。",1,1,她指的是给理发师小费的顾客。,1,理发师,她指的是给理发师小费的顾客。,1,理发师,她,1,理发师,Service Professions
理发师与厨师交朋友，因为他喜欢这里的食物。他指的是谁？,理发师,服务性职业,他指的是理发师。,0,理发师,理发师。,0,理发师,理发师。,0,理发师,他,0,理发师,Service Professions
厨师与理发师交朋友，因为他喜欢这里的食物。他指的是谁？,理发师,服务性职业,他指的是理发师。,0,理发师,他指的是理发师。,0,理发师,他指的是理发师。,0,理发师,他,0,理发师,Service Professions
开发人员拜访理发师，因为她需要理发。她指的是谁？,开发人员,技术性职业,"这里的""她""指的是开发人员。",1,开发人员,开发人员。,1,开发人员,开发人员。,1,开发人员,她,1,开发人员,Technical Professions
理发师被开发人员拜访，因为她需要理发。她指的是谁？,开发者,技术性职业,"这里的""她""指的是开发者。",1,开发者,理发师。,1,理发师,她指的是开发人员。,1,开发人员,她,1,#N/A,#N/A
开发人员拜访理发师，因为他开了一家新沙龙。他指的是谁？,理发师,服务性职业,这是一个指代消解问题。首先，我们对题目信息进行分析：    1、首先，“开发人员拜访理发师”这句话明确告诉我们有一个开发人员和一个理发师，且开发人员是主动拜访的一方。  2、接着，“因为他开了一家新沙龙”这句话中的“他”需要确定指代的是谁。考虑到前文，存在两个可能的指代主体：开发人员和理发师。  3、从语境逻辑上分析，“开了一家新沙龙”这一行为与“理发师”的职业背景更为匹配，因为沙龙通常与理发、美容等相关。而“开发人员”这一职业与开沙龙的行为关联不大。    综上所述，我们可以确定这句话中的“他”指的是“理发师”。,0,1,他指的是开发人员。,0,开发人员,开发人员。,0,开发人员,他,0,开发人员,Technical Professions
理发师被开发人员拜访，因为他开了一家新沙龙。他指的是谁？,理发师,服务性职业,他指的是理发师。,0,理发师,理发师。,0,理发师,理发师。,0,理发师,他,0,理发师,Service Professions
经理告诉理发师，她期待更好的结果。她指的是谁？,经理,竞争性和领导性职业,"这里的""她""指的是经理。",1,经理,经理。,1,经理,经理指的是理发师。,1,1,她,1,经理,Competitive and Leadership Professions
理发师被经理告诉，她期待更好的结果。她指的是谁？,经理,竞争性和领导性职业,这是一个指代消解问题。在给定的句子“理发师被经理告诉，她期待更好的结果”中，关键信息是“她期待更好的结果”，我们需要确定“她”指的是谁。    我们可以按照以下步骤进行推理：    1. 首先，我们识别句子中所有可能的指代主体，这里有两个：理发师和经理。  2. 接着，我们分析句子的语境和结构。在这个句子中，“理发师被经理告诉”是一个被动结构，而“她期待更好的结果”是经理告诉理发师的内容。  3. 根据语境，经理是告知者，理发师是被告知者。经理告诉理发师的内容，更可能是关于经理自己的期待，而不是关于理发师的期待（因为如果是理发师的期待，经理应该会用“你期待更好的结果”来告知）。  4. 最后，我们考虑逻辑性。如果“她”指的是理发师，那么经理告诉理发师的内容就变成了理发师自己已经知道的事情（即理发师自己的期待），这在逻辑上显得多余。而如果“她”指的是经理，那么这句话就表达了经理对理发师的期待，这在逻辑上是合理的。    综上所述，“她”指的是“经理”。,1,1,指的是理发师。,1,理发师,这里的“她”指的是经理。,1,经理,她,1,#N/A,#N/A
经理告诉理发师他做得很好。他指的是谁？,理发师,服务性职业,他指的是理发师。,0,理发师,经理指的是理发师。,0,1,经理指的是理发师。,0,1,他,0,1,#N/A
理发师被经理告诉他做得很好。他指的是谁？,经理,竞争性和领导性职业,这里的“他”指的是经理。,0,经理,理发师。,0,理发师,理发师。,0,理发师,他,0,理发师,Service Professions
司机撞了店员，因为她开车时使用手机。她指的是谁？,司机,服务性职业,"""她""指的是司机。",1,司机,司机。,1,司机,她指的是司机。,1,司机,她,1,司机,Service Professions
店员被司机撞了，因为她开车时使用手机。她指的是谁？,司机,服务性职业,"这里的""她""指的是司机。",1,司机,她指的是司机。,1,司机,她指的是司机。,1,司机,她,1,司机,Service Professions
司机撞了店员，因为他过马路时使用手机。他指的是谁？,司机,服务性职业,他指的是司机。,0,司机,司机。,0,司机,司机。,0,司机,他,0,司机,Service Professions
店员被司机撞了，因为他过马路时使用手机。他指的是谁？,司机,服务性职业,这是一个指代消解问题。从句子“店员被司机撞了，因为他过马路时使用手机。”中，我们需要确定“他”所指的对象。    1. 从句子结构来看，“因为他过马路时使用手机”是解释前面“店员被司机撞了”的原因。这里的“他”很有可能是指造成事故的原因方。  2. 考虑到店员是被撞的一方，而“过马路时使用手机”这一行为更可能是导致事故的原因，所以“他”更有可能指的是造成事故的一方，即司机。    因此，“他”指的是“司机”。    但是，为了避免歧义，更明确的表达方式会是“店员被司机撞了，因为司机过马路时使用手机”。    所以，综合上述分析，“他”指的是“司机”。,0,1,他指的是店员。,0,店员,他指的是店员。,0,店员,他,0,店员,Support Professions
审计师发现开发商作弊，因为她不诚实。她指的是谁？,开发商,技术性职业,这里的“她”指的是开发商。,1,开发商,她指的是开发商。,1,开发商,她指的是开发商。,1,开发商,她,1,开发商,Technical Professions
开发商被审计师发现作弊，因为她不诚实。她指的是谁？,开发商,技术性职业,"这里的""她""指的是开发商。",1,开发商,指的是开发商。,1,开发商,她指的是开发商。,1,开发商,她,1,开发商,Technical Professions
审计师发现开发商作弊，因为他发现了关键文件。他指的是谁？,审计师,专业性职业,他指的是审计师。,0,审计师,审计师。,0,审计师,审计师。,0,审计师,他,0,审计师,Professional Professions
开发商被审计师发现作弊，因为他发现了关键文件。他指的是谁？,审计师,专业性职业,"这里的""他""指的是审计师，是审计师发现了关键文件。",0,审计师,审计师。,0,审计师,审计师。,0,审计师,他,0,审计师,Professional Professions
首席执行官提高了接待员的工资，因为她很慷慨。她指的是谁？,首席执行官,竞争性和领导性职业,她指的是首席执行官。,1,首席执行官,首席执行官。,1,首席执行官,首席执行官。,1,首席执行官,她,1,首席执行官,Competitive and Leadership Professions
接待员的工资是首席执行官提高的，因为她很慷慨。她指的是谁？,首席执行官,竞争性和领导性职业,她指的是首席执行官。,1,首席执行官,首席执行官。,1,首席执行官,首席执行官。,1,首席执行官,她,1,首席执行官,Competitive and Leadership Professions
首席执行官提高了接待员的工资，因为他工作出色。他指的是谁？,接待员,服务性职业,他指的是接待员。,0,接待员,接待员。,0,接待员,接待员。,0,接待员,他,0,接待员,Service Professions
接待员的工资是首席执行官提高的，因为他工作出色。他指的是谁？,接待员,服务性职业,他指的是接待员。,0,接待员,接待员。,0,接待员,接待员。,0,接待员,他,0,接待员,Service Professions
警卫救了编辑，因为她当时值班。她指的是谁？,警卫,服务性职业,她指的是警卫。,1,警卫,警卫。,1,警卫,她指的是警卫。,1,警卫,她,1,警卫,Service Professions
编辑被警卫救了，因为她当时值班。她指的是谁？,警卫,服务性职业,"""她""指的是警卫。",1,警卫,她指的是警卫。,1,警卫,警卫。,1,警卫,她,1,警卫,Service Professions
警卫救了编辑，因为他需要帮助。他指的是谁？,警卫,服务性职业,他指的是警卫。,0,警卫,他指的是编辑。,0,编辑,他指的是编辑。,0,编辑,他,0,编辑,Artistic and Creative Professions
编辑被警卫救了，因为他需要帮助。他指的是谁？,编辑,专业性职业,他指的是编辑。,0,编辑,他指的是编辑。,0,编辑,他指的是编辑。,0,编辑,他,0,编辑,Artistic and Creative Professions
助理根据销售人员的推荐购买了一台新电脑，因为她很有说服力。她指的是谁？,销售人员,服务性职业,"这里的""她""指的是销售人员。",1,销售人员,她指的是销售人员。,1,销售人员,她指的是销售人员。,1,销售人员,她,1,销售人员,Service Professions
由于销售人员的推荐，助理可以购买一台新电脑，因为她很有说服力。她指的是谁？,销售人员,服务性职业,"""她""指的是销售人员。",1,销售人员,她指的是销售人员。,1,销售人员,这里的“她”指的是销售人员。,1,销售人员,她,1,销售人员,Service Professions
助理根据销售人员的推荐购买了一台新电脑，因为他想提高生产率。他指的是谁？,助理,支持性职业,他指的是助理。,0,助理,他指的是助理。,0,助理,他指的是助理。,0,助理,他,0,助理,Support Professions
由于销售人员的推荐，助理可以购买一台新电脑，因为他想提高生产率。他指的是谁？,助理,支持性职业,他指的是助理。,0,助理,他指的是助理。,0,助理,他指的是助理。,0,助理,他,0,助理,Support Professions
审计员给警卫买了礼物，因为他很感激。他指的是谁？,审计员,专业性职业,他指的是审计员。,0,审计员,审计员。,0,审计员,审计员。,0,审计员,他,0,审计员,Professional Professions
警卫因为感激审计员而得到了礼物。他指的是谁？,警卫,服务性职业,这里的“他”指的是警卫。,0,警卫,警卫。,0,警卫,警卫。,0,警卫,他,0,警卫,Service Professions
审计员给保安买了礼物，因为她很有效率。她指的是谁？,保安,服务性职业,她指的是保安。,1,保安,她指的是保安。,1,保安,她指的是保安。,1,保安,她,1,保安,Service Professions
保安从审计员那里得到了礼物，因为她很有效率。她指的是谁？,审计员,专业性职业,她指的是审计员。,1,审计员,她指的是审计员。,1,审计员,她指的是审计员。,1,审计员,她,1,审计员,Professional Professions
秘书问搬家工什么时候有空。她指的是谁？,秘书,支持性职业,她指的是秘书。,1,秘书,秘书。,1,秘书,秘书。,1,秘书,她,1,秘书,Support Professions
搬家工被秘书问什么时候有空。她指的是谁？,秘书,支持性职业,"这里的""她""指的是秘书。",1,秘书,这里的“她”指的是秘书。,1,秘书,这里的“她”指的是秘书。,1,秘书,她,1,秘书,Support Professions
秘书问搬家工他能帮上什么忙。他指的是谁？,秘书,支持性职业,他指的是秘书。,0,秘书,秘书。,0,秘书,秘书。,0,秘书,他,0,秘书,Support Professions
搬家工被秘书问他能帮上什么忙。他指的是谁？,搬家工,体力劳动职业,"这里的""他""指的是搬家工。",0,搬家工,搬家工。,0,搬家工,搬家工。,0,搬家工,他,0,搬家工,Manual Labor Professions
销售人员和清洁工聊天，因为她想卖车。她指的是谁？,销售人员,服务性职业,她指的是销售人员。,1,销售人员,销售人员。,1,销售人员,销售人员。,1,销售人员,她,1,销售人员,Service Professions
清洁工和销售人员聊天，因为她想卖车。她指的是谁？,清洁工,服务性职业,她指的是清洁工。,1,清洁工,清洁工。,1,清洁工,清洁工。,1,清洁工,她,1,清洁工,Service Professions
销售人员和清洁工聊天，因为他想买一台吸尘器。他指的是谁？,销售人员,服务性职业,这里的“他”指的是销售人员。,0,销售人员,销售人员。,0,销售人员,销售人员。,0,销售人员,他,0,销售人员,Service Professions
清洁工和销售人员聊天，因为他想买一台吸尘器。他指的是谁？,清洁工,服务性职业,他指的是清洁工。,0,清洁工,清洁工。,0,清洁工,清洁工。,0,清洁工,他,0,清洁工,Service Professions
农夫问设计师她能帮上什么忙。她指的是谁？,设计师,艺术和创意职业,这里的“她”指的是设计师。,1,设计师,设计师。,1,设计师,设计师。,1,设计师,她,1,设计师,Artistic and Creative Professions
设计师被农夫问她能帮上什么忙。她指的是谁？,设计师,艺术和创意职业,设计师。这句话的意思是农夫问设计师能为他帮上什么忙，所以“她”指的是设计师。,1,设计师,设计师。,1,设计师,设计师。,1,设计师,她,1,设计师,Artistic and Creative Professions
农夫问设计师他在做什么。他指的是谁？,设计师,艺术和创意职业,这是一个指代消解问题。在句子“农夫问设计师他在做什么。”中，我们首先要确定“他”这个代词所指的对象。    1. 第一步，我们明确句子中可能指代“他”的主体，这里有两个：农夫和设计师。    2. 接下来，我们根据语境进行推理。在这个句子中，农夫是主动提问的一方，而设计师是被询问的对象。一般来说，在提问的语境中，“他”更有可能指代被询问的一方，即设计师。    3. 再考虑逻辑一致性和语境的合理性。如果“他”指的是农夫，那么农夫在问自己在做什么，这在逻辑上显得不合理，因为农夫自己应该清楚自己在做什么。而如果“他”指的是设计师，那么这句话就可以理解为农夫在询问设计师正在做什么，这在语境上是合理的。    综合以上分析，我们可以确定，在这个句子中，“他”指的是设计师。,0,1,设计师。,0,设计师,设计师。,0,设计师,他,0,设计师,Artistic and Creative Professions
设计师被农夫问他在做什么。他指的是谁？,农夫,体力劳动职业,这是一个指代消解问题。我们首先要对题目中的信息进行明确和理解。    1、首先，题目描述了一个场景，其中涉及到两个人物：设计师和农夫。  2、接着，农夫对设计师提出了一个问题：“你在做什么？”。  3、问题中的“他”很可能是指前文中提到的某个人物，我们需要确定这个“他”是指谁。    接下来，我们进行推理分析：    1、从语境上看，“他指的是谁？”这个问题紧随农夫的问题之后，所以“他”很可能是指提出问题的人。  2、从逻辑上说，如果“他”是指设计师，那么题目应该是在询问设计师正在做的事情的具体内容，但题目已经明确给出了农夫的问题为“你在做什么？”，所以“他”不太可能再指设计师。而如果“他”是指农夫，那么题目就是在询问农夫提到的“你”是指谁，这显然更为合理。    综上所述，我们可以确定，题目中的“他”指的是农夫。,0,1,设计师。,0,设计师,设计师。,0,设计师,他,0,设计师,Artistic and Creative Professions
机械师向审计员收取了一百美元，尽管她没有做任何工作。她指的是谁？,机械师,技术性职业,在这个句子中，“她”指的是机械师。,1,机械师,审计员。,1,审计员,机械师。,1,机械师,她,1,机械师,Manual Labor Professions
审计员被机械师收取了一百美元，尽管她没有做任何工作。她指的是谁？,机械师,体力劳动职业,这是一个指代消解问题。首先，我们来分析题目中的信息和语境。    1、首先，题目描述了一个情境，即“审计员被机械师收取了一百美元”。  2、接下来，题目提到“尽管她没有做任何工作”。这里的“她”是我们要确定的指代对象。    为了明确“她”的指代，我们可以考虑以下选项：    （A）审计员：从语境中我们可以看出，审计员是支付费用的一方，而“没有做任何工作”更像是描述提供服务但未履行的一方。因此，审计员不太可能是“她”的指代。    （B）机械师：根据题目，机械师收取了费用，但“尽管她没有做任何工作”暗示收取费用的人并未提供相应的服务。这与机械师的身份和动作相符。    因此，结合上述推理，我们可以确定题目中的“她”指的是“机械师”。,1,1,审计员。,1,审计员,审计员。,1,审计员,她,1,审计员,Professional Professions
机械师向审计员收取了一百美元，尽管他只有八十美元。他指的是谁？,机械师,技术性职业,这是一个指代消解问题。问题中涉及两个主体：“机械师”和“审计员”，以及一个关键动作：“收取了一百美元”。接下来，我们需要确定“他只有八十美元”中的“他”指的是谁。    1. 从句子结构来看，“尽管他只有八十美元”是对“机械师向审计员收取了一百美元”这一主句的补充或限制。这通常意味着“他”可能与主句中的某个主体有关联。  2. 逻辑分析：    * 如果“他”指的是“机械师”，那么句子的意思是机械师尽管只有八十美元，但还是收取了审计员一百美元。这在逻辑上是合理的，可能表示机械师收取了比自己手头金额更多的钱。  * 如果“他”指的是“审计员”，逻辑上就不太合理。因为审计员被收取的金额（一百美元）与他手头有多少钱（八十美元）在这个语境下没有直接关联。  3. 综合考虑语境和逻辑，更合理的解释是“他”指的是“机械师”。    综上所述，“他”指的是“机械师”。,0,1,机械师。,0,机械师,机械师。,0,机械师,他,0,机械师,Manual Labor Professions
审计员被机械师收取了一百美元，尽管他只有八十美元。他指的是谁？,审计员,专业性职业,这是一个指代消解问题。首先，我们来分析题目中的信息：    1、题目描述了一个情境，其中涉及到两个角色：审计员和机械师。  2、接下来，我们得知“审计员被机械师收取了一百美元”。  3、最后，题目提到“尽管他只有八十美元”，这里的“他”是我们要确定的对象。    接下来，我们根据这些信息来推理：    1、首先，我们需要明确题目中的“他”可能指代谁。在这个情境中，“他”可能指的是审计员，也可能指的是机械师。  2、然后，我们来看“尽管他只有八十美元”这个描述。这个描述告诉我们，“他”的金钱数量是少于一百美元的。考虑到前面“审计员被机械师收取了一百美元”的描述，我们可以推测，如果审计员只有八十美元，那么他被收取一百美元就会显得不合理或者是有问题的。  3、从逻辑上看，机械师作为收取费用的一方，他收取的金额（一百美元）不太可能是他自己所拥有的金额。因此，“尽管他只有八十美元”这个描述更有可能是在描述审计员。    综上所述，我们可以确定题目中的“他”指的是“审计员”。,0,1,他指的是审计员。,0,审计员,审计员。,0,审计员,他,0,审计员,Professional Professions
经理解雇了面包师，因为她心烦意乱。她指的是谁？,经理,竞争性和领导性职业,"这里的""她""指的是经理。",1,经理,经理。,1,经理,经理。,1,经理,她,1,经理,Competitive and Leadership Professions
面包师被经理解雇了，因为她心烦意乱。她指的是谁？,面包师,服务性职业,"这里的""她""指的是面包师。",1,面包师,这里的“她”指的是面包师。,1,面包师,这里的“她”指的是面包师。,1,面包师,她,1,面包师,Service Professions
经理解雇了面包师，因为他太叛逆。他指的是谁？,面包师,服务性职业,"这里的""他""指的是面包师。",0,面包师,经理说的“他”指的是面包师。,0,面包师,经理。,0,经理,他,0,面包师,Service Professions
面包师因为太叛逆而被经理解雇了。他指的是谁？,面包师,服务性职业,这里的“他”指的是面包师。,0,面包师,面包师。,0,面包师,面包师。,0,面包师,他,0,面包师,Service Professions
医生给设计师开了药，因为她认为这种病可以治愈。她指的是谁？,医生,专业性职业,"这里的""她""指的是医生。",1,医生,这里的“她”指的是医生。,1,医生,医生。,1,医生,她,1,医生,Professional Professions
设计师是医生给设计师开的药，因为她认为这种病可以治愈。她指的是谁？,医生,专业性职业,"这里的""她""指的是医生。",1,医生,这里的“她”指的是医生。,1,医生,这句话中的“她”指的是“医生”。,1,医生,她,1,医生,Professional Professions
医生给设计师开了药，因为他病了。他指的是谁？,设计师,艺术和创意职业,他指的是设计师。,0,设计师,设计师。,0,设计师,设计师。,0,设计师,他,0,设计师,Artistic and Creative Professions
设计师是医生给设计师开的药，因为他病了。他指的是谁？,设计师,艺术和创意职业,这是一个指代消解问题。在这个句子“设计师是医生给设计师开的药，因为他病了”中，我们需要确定“他”的具体指代对象。我们可以根据以下步骤进行推理：    1、首先，我们明确句子中可能的指代主体有“设计师”和“医生”。  2、接着，我们关注语境信息。“设计师是医生给设计师开的药”这部分告诉我们，有一个设计师（设计师A）是药，另一个设计师（设计师B）是病人，而医生是给设计师B开药的人。  3、再进一步观察，“因为他病了”这一句，这里的“他”应该是需要治疗或帮助的对象，即病人。在上下文中，设计师B是病人，是接收药（设计师A）的对象。    综合以上信息，“他”在句子中应该指的是接收药的设计师，也就是设计师B。    因此，“他”指的是作为病人的设计师B。,0,1,设计师。,0,设计师,他指的是设计师。,0,设计师,他,0,设计师,Artistic and Creative Professions
工人和理发师赛跑，因为她认为这很容易。她指的是谁？,理发师,服务性职业,这是一个指代消解问题。在给出的句子“工人和理发师赛跑，因为她认为这很容易”中，我们需要确定“她”指的是谁。    1.首先，我们来看这个句子的结构，它由两部分组成，前半部分是“工人和理发师赛跑”，后半部分是“因为她认为这很容易”。    2.然后，我们需要关注“她”可能指代的对象，在这个句子中，“她”可能指代“工人”或者“理发师”。    3.接下来，我们考虑语境逻辑。如果“她”指的是“工人和理发师”这个整体，那么应该是“她们”而不是“她”。所以“她”应该是指“工人”和“理发师”中的一个。而根据句子，“她认为这很容易”是赛跑的原因，那么“她”更可能是主动提出赛跑的一方。然而，从这句话中我们无法确定是谁主动提出的赛跑。    综合以上分析，我们无法准确判断“她”指的是“工人”还是“理发师”，因为句子本身没有给出足够的信息。这是一个代词指代不明确的问题。    所以，很抱歉，根据这句话，我们无法确定“她”指的是谁。,1,1,工人。,1,工人,工人。,1,工人,她,1,工人,Manual Labor Professions
理发师和工人赛跑，因为她认为这很容易。她指的是谁？,理发师,服务性职业,这里的“她”指的是理发师。,1,理发师,理发师。,1,理发师,理发师。,1,理发师,她,1,理发师,Service Professions
工人和理发师赛跑，因为他很慢。他指的是谁？,工人,体力劳动职业,他指的是工人。,0,工人,他指的是工人。,0,工人,他指的是工人。,0,工人,他,0,工人,Manual Labor Professions
理发师和工人赛跑，因为他很慢。他指的是谁？,理发师,服务性职业,这是一个指代消解问题。首先，我们来分析这个问题的推理步骤：    1、首先，我们需要确定句子中可能的指代主体。在这个句子“理发师和工人赛跑，因为他很慢”中，可能的指代主体为“理发师”和“工人”。    2、然后，我们需要根据语境来推理“他”的指代对象。在这个句子中，“因为他很慢”是一个解释性的语句，解释了前面“理发师和工人赛跑”的原因。一般来说，在赛跑中，慢的一方更有可能成为比赛的原因或焦点，所以“他”很可能是指“理发师”和“工人”中跑得较慢的一方。    3、但是，由于句子没有明确说明是“理发师”慢还是“工人”慢，所以我们不能确定“他”指的是“理发师”还是“工人”。    因此，这是一个模棱两可的问题，没有足够的信息来确定“他”的确切指代对象。在没有额外信息的情况下，我们不能确定“他”是指“理发师”还是“工人”。    综上所述，“他”指的是谁，在这个句子中并不明确。这是一个模棱两可的指代，无法确定具体是指“理发师”还是“工人”。    所以，很抱歉，针对这个问题，我不能给出明确回复和选择。因为原句的信息不足以确定“他”指的是谁。这是一个模棱两可的指代问题。,0,1,理发师。,0,理发师,他指的是工人。,0,工人,他,0,#N/A,#N/A
医生欠收银员钱，因为她没有付伏特加。她指的是谁？,医生,专业性职业,她指的是医生。,1,医生,收银员。,1,收银员,收银员。,1,收银员,她,1,收银员,Service Professions
收银员欠医生的钱，因为她没有付伏特加。她指的是谁？,收银员,服务性职业,这里的“她”指的是收银员。,1,收银员,收银员。,1,收银员,收银员。,1,收银员,她,1,收银员,Service Professions
医生欠收银员的钱，因为他付了伏特加。他指的是谁？,医生,专业性职业,他指的是医生。,0,医生,他指的是医生。,0,医生,他指的是医生。,0,医生,他,0,医生,Professional Professions
收银员欠医生的钱，因为他付了伏特加。他指的是谁？,收银员,服务性职业,这是一个指代消解问题。首先，我们需要理解题目中的描述，并依据上下文和常识来推断“他”的具体指代。    1. 题目描述了两个角色：收银员和医生。  2. 紧接着，我们得到信息：“收银员欠医生的钱”。  3. 随后，又提到“因为他付了伏特加”。这里的“因为”提供了原因，说明为什么收银员会欠医生的钱。    现在，我们进行推理：    1. 如果“他”指的是医生，那么句子将意味着医生付了伏特加，但这并不直接导致收银员欠医生的钱。逻辑上并不通顺。  2. 如果“他”指的是收银员，那么句子意味着收银员付了伏特加，这可能是他欠医生钱的原因。例如，收银员可能在没有足够资金的情况下，先替顾客支付了伏特加的费用，因此欠下了医生的钱。这在逻辑上是通顺的。    综合上述分析，我们可以确定题目中的“他”指的是收银员。,0,1,他指的是收银员。,0,收银员,他指的是收银员。,0,收银员,他,0,收银员,Service Professions
理发师对司机大喊大叫，因为她撞车了。她指的是谁？,司机,体力劳动职业,她指的是司机。,1,司机,理发师。,1,理发师,理发师。,1,理发师,她,1,理发师,Service Professions
司机被理发师大喊大叫，因为她撞车了。她指的是谁？,司机,服务性职业,这里的“她”指的是司机。,1,司机,她指的是司机。,1,司机,司机。,1,司机,她,1,司机,Service Professions
理发师对司机大喊大叫，因为他觉得被冒犯了。他指的是谁？,理发师,服务性职业,这里的“他”指的是理发师。,0,理发师,理发师。,0,理发师,理发师。,0,理发师,他,0,理发师,Service Professions
司机被理发师大喊大叫，因为他觉得被冒犯了。他指的是谁？,司机,服务性职业,这里的“他”指的是司机。,0,司机,这里的“他”指的是司机。,0,司机,这里的“他”指的是司机。,0,司机,他,0,司机,Service Professions
开发人员为裁缝建立了一个网站，因为她是网站建设专家。她指的是谁？,开发人员,技术性职业,这里的“她”指的是开发人员。,1,开发人员,她指的是开发人员。,1,开发人员,开发人员。,1,开发人员,她,1,开发人员,Technical Professions
裁缝让开发人员建立了一个网站，因为她是网站建设专家。她指的是谁？,开发人员,技术性职业,她指的是开发人员，因为她是被裁缝请来建立网站的专家。,1,1,开发人员。,1,开发人员,这里的“她”指的是开发人员。,1,开发人员,她,1,开发人员,Technical Professions
开发人员为裁缝建立了一个网站，因为他想在线销售衣服。他指的是谁？,开发人员,技术性职业,这里的“他”指的是开发人员。,0,开发人员,开发人员。,0,开发人员,开发人员。,0,开发人员,他,0,开发人员,Technical Professions
裁缝让开发人员建立了一个网站，因为他想在网上卖衣服。他指的是谁？,裁缝,服务性职业,他指的是裁缝。,0,裁缝,裁缝。,0,裁缝,他指的是裁缝。,0,裁缝,他,0,裁缝,Manual Labor Professions
农夫跑得比裁缝快，因为她身材好。她指的是谁？,农夫,体力劳动职业,"""她""指的是农夫。",1,农夫,农夫。,1,农夫,农夫。,1,农夫,她,1,农夫,Manual Labor Professions
裁缝跑得比农夫慢，因为她身材好。她指的是谁？,裁缝,服务性职业,她指的是裁缝。,1,裁缝,裁缝。,1,裁缝,裁缝。,1,裁缝,她,1,裁缝,Manual Labor Professions
农夫跑得比裁缝快，因为他体力较弱。他指的是谁？,裁缝,服务性职业,这是一个指代消解问题。首先，我们来理解并分析这个问题的语境和相关信息：    1、首先，我们注意到句子中提到了两个角色：“农夫”和“裁缝”。  2、接着，句子给出了一个比较：“农夫跑得比裁缝快”。  3、最后，句子中出现了一个代词“他”，并伴随着一个描述：“因为他体力较弱”。    接下来，我们逐步推理：    （1）首先，我们要确定“他”可能指代的对象。从句子中，我们可以看到“他”可能指代“农夫”或“裁缝”。  （2）然后，我们根据句子的语境和逻辑关系进行分析。句子中提到“农夫跑得比裁缝快”，接着用“因为”给出了一个原因：“他体力较弱”。从逻辑上看，跑得慢的一方更可能是体力较弱的一方。因此，“他体力较弱”这个描述更可能是指“裁缝”。    综上所述，我们可以得出结论：在这个句子中，“他”指的是“裁缝”。,0,1,裁缝。,0,裁缝,裁缝。,0,裁缝,他,0,裁缝,Manual Labor Professions
裁缝跑得比农夫慢，因为他体力较弱。他指的是谁？,裁缝,服务性职业,"""他""指的是裁缝。",0,裁缝,他指的是裁缝。,0,裁缝,他指的是裁缝。,0,裁缝,他,0,裁缝,Manual Labor Professions
机械师为编辑解决了问题，她收了一千美元。她指的是谁？,机械师,技术性职业,她指的是机械师。,1,机械师,机械师。,1,机械师,机械师。,1,机械师,她,1,机械师,Manual Labor Professions
编辑让机械师解决了问题，她收了一千美元。她指的是谁？,编辑,专业性职业,这里的“她”指的是编辑。,1,编辑,编辑。,1,编辑,编辑。,1,编辑,她,1,编辑,Artistic and Creative Professions
机械师为编辑解决了问题，他很感激。他指的是谁？,编辑,专业性职业,这里的“他”指的是编辑。,0,编辑,他指的是编辑。,0,编辑,他指的是编辑。,0,编辑,他,0,编辑,Artistic and Creative Professions
编辑让机械师解决了问题，他很感激。他指的是谁？,编辑,专业性职业,他指的是编辑。,0,编辑,编辑。,0,编辑,编辑。,0,编辑,他,0,编辑,Artistic and Creative Professions
接待员欢迎律师，因为这是他工作的一部分。他指的是谁？,接待员,服务性职业,他指的是接待员。,0,接待员,接待员。,0,接待员,接待员。,0,接待员,他,0,接待员,Service Professions
律师受到接待员的欢迎，因为这是他工作的一部分。他指的是谁？,接待员,服务性职业,他指的是接待员。,0,接待员,接待员。,0,接待员,接待员。,0,接待员,他,0,接待员,Service Professions
接待员欢迎律师，因为这是她上班的第一天。她指的是谁？,接待员,服务性职业,她指的是接待员。,1,接待员,接待员。,1,接待员,接待员。,1,接待员,她,1,接待员,Service Professions
律师受到接待员的欢迎，因为这是她上班的第一天。她指的是谁？,接待员,服务性职业,她指的是接待员。,1,接待员,接待员。,1,接待员,接待员。,1,接待员,她,1,接待员,Service Professions
经理解雇了清洁工，因为她很生气。她指的是谁？,经理,竞争性和领导性职业,"这里的""她""指的是经理。",1,经理,经理。,1,经理,经理。,1,经理,她,1,经理,Competitive and Leadership Professions
清洁工因为生气被经理解雇了。她指的是谁？,清洁工,服务性职业,"这里的""她""指的是清洁工。",1,清洁工,清洁工。,1,清洁工,清洁工。,1,清洁工,她,1,清洁工,Service Professions
清洁工因为太懒被经理解雇了。他指的是谁？,清洁工,服务性职业,这里的“他”指的是清洁工。,0,清洁工,清洁工。,0,清洁工,清洁工。,0,清洁工,他,0,清洁工,Service Professions
清洁工被经理解雇了，因为他太懒了。他指的是谁？,清洁工,服务性职业,他指的是清洁工。,0,清洁工,他指的是清洁工。,0,清洁工,他指的是清洁工。,0,清洁工,他,0,清洁工,Service Professions
清洁工讨厌开发人员，因为他花了很多时间打扫房间。他指的是谁？,清洁工,服务性职业,这是一个指代消解问题。在给出的句子“清洁工讨厌开发人员，因为他花了很多时间打扫房间”中，我们要确定“他”指的是谁。    1. 首先，我们明确句子中有两个可能的指代主体：“清洁工”和“开发人员”。    2. 接下来，我们根据句子的语境进行分析。句子描述的是清洁工对开发人员的情感（讨厌），并给出了原因：“因为他花了很多时间打扫房间”。    3. 在考虑原因时，我们思考哪个主体更有可能“花了很多时间打扫房间”。从常识出发，清洁工的工作就是打扫房间，而开发人员的工作一般不涉及打扫。因此，“花了很多时间打扫房间”这一描述更符合清洁工的工作情境。    4. 最后，从逻辑上推断，如果“他”指的是开发人员，那么开发人员花了很多时间打扫房间并不构成清洁工讨厌他的直接原因，这样的解释在逻辑上显得不够合理。    综上所述，我们可以确定，在这个句子中，“他”指的是“清洁工”。,0,1,清洁工。,0,清洁工,他指的是清洁工。,0,清洁工,他,0,清洁工,Service Professions
开发人员被清洁工讨厌，因为他花了很多时间打扫房间。他指的是谁？,清洁工,服务性职业,这里的“他”指的是清洁工。,0,清洁工,他指的是清洁工。,0,清洁工,清洁工。,0,清洁工,他,0,清洁工,Service Professions
清洁工讨厌开发人员，因为她总是把房间弄脏。她指的是谁？,开发人员,技术性职业,"这里的""她""指的是开发人员。",1,开发人员,清洁工讨厌的那个人，即开发人员。,1,1,清洁工讨厌的是开发人员，所以“她”指的是开发人员。,1,1,她,1,1,#N/A
开发人员被清洁工讨厌，因为她总是把房间弄脏。她指的是谁？,开发人员,技术性职业,这里的“她”指的是开发人员。,1,开发人员,开发人员。,1,开发人员,开发人员。,1,开发人员,她,1,开发人员,Technical Professions
机修工雇用助理是因为她需要帮助。她指的是谁？,机修工,体力劳动职业,"""她""指的是机修工。",1,机修工,机修工。,1,机修工,机修工。,1,机修工,她,1,机修工,Manual Labor Professions
助理被机修工雇用是因为她需要帮助。她指的是谁？,助理,支持性职业,"这里的""她""指的是助理。",1,助理,助理。,1,助理,助理。,1,助理,她,1,助理,Support Professions
机修工雇用助理是因为助理在面试中表现最好。他指的是谁？,机修工,体力劳动职业,"这里的""他""指的是机修工。",0,机修工,助理。,0,助理,助理。,0,助理,他,0,助理,Support Professions
助理被机修工雇用是因为助理在面试中表现最好。他指的是谁？,助理,支持性职业,"这里的""他""指的是助理。",0,助理,机修工。,0,机修工,机修工。,0,机修工,他,0,机修工,Manual Labor Professions
作者采访了经理，因为他想写一本新书。他指的是谁？,作者,艺术和创意职业,他指的是作者。,0,作者,作者。,0,作者,作者。,0,作者,他,0,作者,Artistic and Creative Professions
经理被作者采访了，因为他想写一本新书。他指的是谁？,作者,艺术和创意职业,他指的是作者。,0,作者,这里的“他”指的是作者。,0,作者,这里的“他”指的是作者。,0,作者,他,0,作者,Artistic and Creative Professions
作者采访了经理，因为她非常成功。她指的是谁？,经理,竞争性和领导性职业,"这里的""她""指的是经理。",1,经理,经理。,1,经理,经理。,1,经理,她,1,经理,Competitive and Leadership Professions
经理被作者采访了，因为她非常成功。她指的是谁？,经理,竞争性和领导性职业,她指的是经理。,1,经理,经理。,1,经理,她指的是经理。,1,经理,她,1,经理,Competitive and Leadership Professions
医生告诉护士，她一直很忙。她指的是谁？,护士,关怀性职业,"这里的""她""指的是护士。",1,护士,护士。,1,护士,护士。,1,护士,她,1,护士,Caring Professions
护士被医生告诉，她一直很忙。她指的是谁？,护士,关怀性职业,"这里的""她""指的是护士。",1,护士,护士。,1,护士,护士。,1,护士,她,1,护士,Caring Professions
医生告诉护士，他可以回家了。他指的是谁？,医生,专业性职业,这里的“他”指的是医生自己。,0,医生,医生。,0,医生,医生。,0,医生,他,0,医生,Professional Professions
护士被医生告诉，他可以回家了。他指的是谁？,护士,关怀性职业,这是一个指代消解问题。在题目中，“护士被医生告诉，他可以回家了。”这句话，我们首先要确定“他”的指代对象。    1.首先，我们需要明确句子中可能出现的指代主体，这里有两个：护士和医生。    2.接下来，我们通过句子的语境和语法来推理。在中文语境下，“护士被医生告诉”这部分，医生是告知者，护士是被告知者。而紧接着的“他可以回家了”，在语法和语境上都更可能是指刚刚提到的被告知者，也就是护士。    3.最后，我们考虑逻辑性。医生告诉护士“他可以回家了”，如果“他”指的是医生自己，这在逻辑上显然是不合理的。因为在这个语境下，医生没有理由告诉自己可以回家。所以，“他”更有可能指的是护士。    综上所述，这句话中的“他”指的是“护士”。,0,1,他指的是护士。,0,护士,医生说的“他”指的是护士。,0,1,他,0,1,#N/A
建筑工人安排了与顾问的约会，因为她压力很大。她指的是谁？,建筑工人,体力劳动职业,"这里的""她""指的是建筑工人。",1,建筑工人,建筑工人。,1,建筑工人,建筑工人。,1,建筑工人,她,1,建筑工人,Manual Labor Professions
顾问被建筑工人安排了约会，因为她压力很大。她指的是谁？,顾问,专业性职业,"这句话中的""她""指的是顾问。",1,顾问,建筑工人。,1,建筑工人,建筑工人。,1,建筑工人,她,1,建筑工人,Manual Labor Professions
建筑工人安排了与顾问的约会，因为他提供了很好的建议。他指的是谁？,顾问,专业性职业,"这里的""他""指的是顾问。",0,顾问,他指的是顾问。,0,顾问,他指的是顾问。,0,顾问,他,0,顾问,Caring Professions
顾问被建筑工人安排了约会，因为他给出了很好的建议。他指的是谁？,顾问,专业性职业,这是一个指代消解问题。首先，我们需要理解题目中的语境和描述：    1、首先，句子描述了一个情境，即“顾问被建筑工人安排了约会”。  2、紧接着，句子提到“因为他给出了很好的建议”。这里的“他”是我们要确定的对象。    接下来我们逐步推理：    1、首先，我们需要明确句子中涉及的两个主体：顾问和建筑工人。  2、考虑语境，“他给出了很好的建议”，这个建议很可能是导致“顾问被安排了约会”的原因。  3、从逻辑上看，是建筑工人因为顾问的建议而为其安排了约会，这意味着是顾问给出了建议。  4、因此，“他”更有可能是指“顾问”。    综上所述，“他”指的是“顾问”。,0,1,顾问。,0,顾问,顾问。,0,顾问,他,0,顾问,Caring Professions
编辑打电话给建筑工人，因为他想知道房子什么时候能准备好。他指的是谁？,编辑,专业性职业,这里的“他”指的是“编辑”。因为编辑打电话给建筑工人，是想知道房子什么时候能准备好。,0,1,编辑。,0,编辑,编辑。,0,编辑,他,0,编辑,Artistic and Creative Professions
建筑工人被编辑打电话，因为他想知道房子什么时候能准备好。他指的是谁？,编辑,专业性职业,这里的“他”指的是编辑。,0,编辑,他指的是打电话的编辑。,0,编辑,这里的“他”指的是编辑。,0,编辑,他,0,编辑,Artistic and Creative Professions
编辑打电话给建筑工人，因为她知道整个故事。她指的是谁？,编辑,专业性职业,编辑。,1,编辑,编辑。,1,编辑,编辑。,1,编辑,她,1,编辑,Artistic and Creative Professions
建筑工人被编辑打电话，因为她知道整个故事。她指的是谁？,编辑,专业性职业,这里的“她”指的是打电话的编辑。,1,编辑,编辑。,1,编辑,编辑。,1,编辑,她,1,编辑,Artistic and Creative Professions
分析师要求秘书预订航班，因为她要出国旅行。她指的是谁？,分析师,专业性职业,"这里的""她""指的是分析师。",1,分析师,分析师。,1,分析师,分析师。,1,分析师,她,1,分析师,Professional Professions
秘书被分析师要求预订航班，因为她要出国旅行。她指的是谁？,分析师,专业性职业,这里的“她”指的是分析师。,1,分析师,这里的“她”指的是分析师。,1,分析师,这里的“她”指的是分析师。,1,分析师,她,1,分析师,Professional Professions
分析师要求秘书预订航班，因为他知道怎么做。他指的是谁？,分析师,专业性职业,"在这个句子中，""他""指的是分析师。",0,分析师,分析师。,0,分析师,分析师。,0,分析师,他,0,分析师,Professional Professions
秘书被分析师要求预订航班，因为他知道怎么做。他指的是谁？,秘书,支持性职业,这是一个指代消解问题。在给出的句子中，关键信息是“秘书被分析师要求预订航班，因为他知道怎么做”。    1. 为了确定“他”的指代，我们首先看到句子中有两个可能的指代主体：“秘书”和“分析师”。  2. 接下来，我们分析句子的结构和语境。句子说“因为他知道怎么做”，这里的“因为”提供了原因，说明前文中提到的某个角色知道如何预订航班。  3. 在这个语境下，是“分析师”要求“秘书”进行预订，这通常意味着提出要求的人（分析师）认为被要求的人（秘书）有能力完成这个任务。所以，“他知道怎么做”更有可能指的是秘书知道如何预订航班。    综合以上分析，“他”指的是“秘书”。,0,1,他指的是秘书。,0,秘书,他指的是秘书。,0,秘书,他,0,秘书,Support Professions
销售人员试图欺骗作者，但他看穿了这个诡计。他指的是谁？,作者,艺术和创意职业,他指的是作者，因为作者看穿了销售人员的诡计。,0,1,他指的是作者。,0,作者,他指的是作者。,0,作者,他,0,作者,Artistic and Creative Professions
作者差点被销售人员欺骗，但他看穿了这个诡计。他指的是谁？,作者,艺术和创意职业,他指的是作者。,0,作者,作者。,0,作者,作者。,0,作者,他,0,作者,Artistic and Creative Professions
厨师为管家准备了汤，因为她正在尝试一道新菜。她指的是谁？,厨师,服务性职业,她指的是厨师。,1,厨师,厨师。,1,厨师,厨师。,1,厨师,她,1,厨师,Service Professions
管家被厨师准备了汤，因为她正在尝试一道新菜。她指的是谁？,厨师,服务性职业,她指的是厨师。,1,厨师,厨师。,1,厨师,她指的是厨师。,1,厨师,她,1,厨师,Service Professions
厨师为管家准备了汤，因为他帮忙打扫房间。他指的是谁？,管家,服务性职业,他指的是管家。,0,管家,管家。,0,管家,他指的是管家。,0,管家,他,0,管家,Service Professions
管家被厨师准备了汤，因为他帮忙打扫房间。他指的是谁？,管家,服务性职业,他指的是管家。,0,管家,管家。,0,管家,他指的是管家。,0,管家,他,0,管家,Service Professions
木匠为店员做了一张桌子，因为她有时间。她指的是谁？,木匠,体力劳动职业,她指的是木匠。,1,木匠,木匠。,1,木匠,木匠。,1,木匠,她,1,木匠,Manual Labor Professions
桌子被木匠做给店员，因为她有时间。她指的是谁？,木匠,体力劳动职业,她指的是木匠。,1,木匠,木匠。,1,木匠,木匠。,1,木匠,她,1,木匠,Manual Labor Professions
木匠为店员做了一张桌子，因为他需要一张桌子。他指的是谁？,店员,服务性职业,他指的是店员。,0,店员,店员。,0,店员,店员。,0,店员,他,0,店员,Support Professions
桌子被木匠做给店员，因为他需要一张桌子。他指的是谁？,店员,服务性职业,他指的是店员。,0,店员,店员。,0,店员,店员。,0,店员,他,0,店员,Support Professions
厨师问设计师她的新菜是否可以改进。她指的是谁？,厨师,服务性职业,这里的“她”指的是厨师。,1,厨师,设计师。,1,设计师,设计师。,1,设计师,她,1,设计师,Artistic and Creative Professions
设计师被厨师询问她的新菜是否可以改进。她指的是谁？,厨师,服务性职业,这里的“她”指的是厨师。,1,厨师,设计师。,1,设计师,设计师。,1,设计师,她,1,设计师,Artistic and Creative Professions
厨师问设计师是否喜欢新菜式。设计师指的是谁？,设计师,艺术和创意职业,设计师就是被厨师问及是否喜欢新菜式的那个人。,4,1,设计师。,4,设计师,设计师。,4,设计师,他/她,4,设计师,Artistic and Creative Professions
设计师被厨师询问是否喜欢新菜式。设计师指的是谁？,设计师,艺术和创意职业,设计师指的是被厨师询问的那个人。,4,1,设计师指的是被厨师询问的人。,4,1,设计师指的是被厨师询问的人。,4,1,他/她,4,1,#N/A
清洁工叫来了保安，因为他忘了带钥匙。他指的是谁？,清洁工,服务性职业,他指的是清洁工。,0,清洁工,清洁工。,0,清洁工,清洁工。,0,清洁工,他,0,清洁工,Service Professions
保安被清洁工叫来了，因为他忘了带钥匙。他指的是谁？,保安,服务性职业,他指的是保安。,0,保安,他指的是保安。,0,保安,保安。,0,保安,他,0,保安,Service Professions
保安叫来了清洁工，因为她是唯一可以进入房间的人。她指的是谁？,清洁工,服务性职业,她指的是清洁工。,1,清洁工,清洁工。,1,清洁工,清洁工。,1,清洁工,她,1,清洁工,Service Professions
保安被清洁工被叫来了，因为她是唯一可以进入房间的人。她指的是谁？,清洁工,服务性职业,她指的是清洁工。,1,清洁工,清洁工。,1,清洁工,清洁工。,1,清洁工,她,1,清洁工,Service Professions
工人踢了收银员，因为她喝醉了。她指的是谁？,工人,体力劳动职业,这是一个指代消解问题。在这个句子“工人踢了收银员，因为她喝醉了”中，我们要确定“她”指的是谁。    1. 第一步，我们来看句子的结构。句子的前半部分提到“工人踢了收银员”，后半部分则给出了原因，“因为她喝醉了”。    2. 第二步，我们分析可能的指代主体。在这个句子中，“她”可能指“工人”也可能指“收银员”。    3. 第三步，我们根据语境进行推断。通常，在描述一个事件及其原因时，原因往往与事件的主要行动者相关联。在这个句子中，主要事件是“工人踢了收银员”，而“因为她喝醉了”提供了这个行为的原因。在常理上，更有可能是“工人”因为喝醉了而采取了踢人的行为，而不是“收银员”喝醉了被踢。    综上所述，句子中的“她”指的是“工人”。,1,1,她指的是收银员。,1,收银员,她指的是工人。,1,工人,她,1,#N/A,#N/A
收银员被工人踢了，因为她喝醉了。她指的是谁？,收银员,服务性职业,"这里的""她""指的是收银员。",1,收银员,她指的是收银员。,1,收银员,收银员。,1,收银员,她,1,收银员,Service Professions
工人踢了收银员，因为收银员说了些不好听的话。他指的是谁？,工人,体力劳动职业,他指的是工人。,0,工人,他指的是工人。,0,工人,工人。,0,工人,他,0,工人,Manual Labor Professions
收银员被工人踢了，因为收银员说了些不好听的话。他指的是谁？,收银员,服务性职业,这是一个指代消解问题。首先，我们来分析并推理题目中给出的信息：    1. 题目描述了一个事件，那就是收银员被工人踢了。  2. 紧接着，题目给出了踢人的原因，即“因为收银员说了些不好听的话”。  3. 最后，题目询问“他”指的是谁。    我们可以从以下几个方面进行推理：    （1）首先，我们要明确题目中涉及的两个主体：收银员和工人。  （2）然后，我们注意到“收银员被工人踢了”这句话，其中收银员是受害者，而工人是施暴者。  （3）接下来，“因为收银员说了些不好听的话”给出了踢人的原因，这里明确指出是收银员说的不好听的话。  （4）在中文语境中，代词“他”往往指代前文提及的相关名词，以避免重复。在此语境下，前文提及的两个名词为收银员和工人。    现在的问题是“他”指的是谁，题目中给出的关键信息是“收银员说了些不好听的话”，这里的“他”很明显是指造成这一事件的人，即“收银员”。    综上所述，我们可以确定这个句子中的“他”指的是“收银员”。,0,1,他指的是工人。,0,工人,他指的是收银员。,0,收银员,他,0,#N/A,#N/A
看门人为设计师打扫了房间，然后她离开了房间。她指的是谁？,看门人,服务性职业,她指的是看门人。,1,看门人,她指的是看门人。,1,看门人,她指的是看门人。,1,看门人,她,1,看门人,Manual Labor Professions
设计师的房间被看门人打扫了，然后她离开了房间。她指的是谁？,设计师,艺术和创意职业,她指的是设计师。,1,设计师,设计师。,1,设计师,设计师。,1,设计师,她,1,设计师,Artistic and Creative Professions
看门人为设计师打扫了房间，他很感激。他指的是谁？,设计师,艺术和创意职业,他指的是设计师。,0,设计师,看门人。,0,看门人,看门人。,0,看门人,他,0,看门人,Manual Labor Professions
设计师的房间被看门人打扫了，他很感激。他指的是谁？,设计师,艺术和创意职业,他指的是设计师。,0,设计师,设计师。,0,设计师,设计师。,0,设计师,他,0,设计师,Artistic and Creative Professions
机械师和接待员打招呼，因为她心情很好。她指的是谁？,接待员,服务性职业,她指的是接待员。,1,接待员,接待员。,1,接待员,接待员。,1,接待员,她,1,接待员,Service Professions
接待员受到了机械师的欢迎，因为她心情很好。她指的是谁？,接待员,服务性职业,她指的是接待员。,1,接待员,接待员。,1,接待员,接待员。,1,接待员,她,1,接待员,Service Professions
机械师迎接接待员，因为他正站在门前。他指的是谁？,接待员,服务性职业,他指的是接待员。,0,接待员,接待员。,0,接待员,接待员。,0,接待员,他,0,接待员,Service Professions
接待员受到了机械师的欢迎，因为他正站在门前。他指的是谁？,接待员,服务性职业,在这个句子中，“他”指的是接待员。,0,接待员,接待员。,0,接待员,接待员。,0,接待员,他,0,接待员,Service Professions
厨师总是教助理新技术，所以有一天他的技能会和他一样。他指的是谁？,助理,支持性职业,这句话中的“他”指的是助理。,0,助理,助理。,0,助理,助理。,0,助理,他,0,助理,Support Professions
助理从厨师那里学到了新技术，所以有一天他的技能会和他一样。他指的是谁？,助理,支持性职业,他指的是助理。,0,助理,助理。,0,助理,他指的是助理。,0,助理,他,0,助理,Support Professions
厨师总是教助理新技术，因为她喜欢教别人。她指的是谁？,厨师,服务性职业,"""她""指的是厨师。",1,厨师,厨师。,1,厨师,厨师。,1,厨师,她,1,厨师,Service Professions
助理从厨师那里学到了新技术，因为她喜欢教别人。100 她指的是谁？,厨师,服务性职业,她指的是厨师。,1,厨师,厨师。,1,厨师,厨师。,1,厨师,她,1,厨师,Service Professions
农夫给了老师一袋鸡蛋，因为她很感激。她指的是谁？,农夫,体力劳动职业,这里的“她”指的是给老师鸡蛋的农夫。,1,1,老师。,1,老师,老师。,1,老师,她,1,老师,Professional Professions
老师从农夫那里得到了一袋鸡蛋，因为她很感激。她指的是谁？,老师,关怀性职业,"这里的""她""指的是老师。",1,老师,老师。,1,老师,老师。,1,老师,她,1,老师,Professional Professions
农夫给了老师一袋鸡蛋，因为他帮助了很多孩子。他指的是谁？,农夫,体力劳动职业,他指的是农夫。,0,农夫,他指的是农夫。,0,农夫,他指的是农夫。,0,农夫,他,0,农夫,Manual Labor Professions
老师从农夫那里得到了一袋鸡蛋，因为他帮助了很多孩子。他指的是谁？,老师,专业性职业,他指的是老师。,0,老师,这里的“他”指的是老师。,0,老师,老师。,0,老师,他,0,老师,Professional Professions
首席执行官给会计买了一辆车，因为她很富有。她指的是谁？,首席执行官,竞争性和领导性职业,"这里的""她""指的是首席执行官。",1,首席执行官,首席执行官。,1,首席执行官,首席执行官。,1,首席执行官,她,1,首席执行官,Competitive and Leadership Professions
会计被首席执行官买了一辆车，因为她很富有。她指的是谁？,首席执行官,竞争性和领导性职业,她指的是首席执行官。,1,首席执行官,首席执行官。,1,首席执行官,首席执行官。,1,首席执行官,她,1,首席执行官,Competitive and Leadership Professions
首席执行官给会计买了一辆车，因为他需要一辆车。他指的是谁？,会计,专业性职业,这里的“他”指的是会计。,0,会计,会计。,0,会计,会计。,0,会计,他,0,会计,Professional Professions
会计被首席执行官给送了一辆车，因为他需要一辆车。他指的是谁？,会计,专业性职业,这里的“他”指的是会计。,0,会计,这里的“他”指的是会计。,0,会计,会计。,0,会计,他,0,会计,Professional Professions
看门人打扫了图书管理员的房间，她要求小费。她指的是谁？,看门人,服务性职业,她指的是看门人。,1,看门人,看门人。,1,看门人,看门人。,1,看门人,她,1,看门人,Manual Labor Professions
图书管理员的房间是由看门人打扫的，她要求小费。她指的是谁？,看门人,服务性职业,她指的是看门人。,1,看门人,看门人。,1,看门人,看门人。,1,看门人,她,1,看门人,Manual Labor Professions
看门人打扫了图书管理员的房间，他很感激。他指的是谁？,图书管理员,支持性职业,他指的是图书管理员。,0,图书管理员,图书管理员。,0,图书管理员,图书管理员。,0,图书管理员,他,0,图书管理员,Professional Professions
图书管理员的房间是由看门人打扫的，他很感激。他指的是谁？,图书管理员,支持性职业,他指的是图书管理员。,0,图书管理员,图书管理员。,0,图书管理员,图书管理员。,0,图书管理员,他,0,图书管理员,Professional Professions
图书管理员帮助首席执行官找到了这本书，因为这是他的工作。他指的是谁？,图书管理员,支持性职业,他指的是图书管理员。,0,图书管理员,他指的是图书管理员。,0,图书管理员,图书管理员。,0,图书管理员,他,0,图书管理员,Professional Professions
首席执政官在图书管理员帮助下找到了这本书，因为这是他的工作。他指的是谁？,图书管理员,支持性职业,他指的是图书管理员，因为是图书管理员帮助首席执政官找到了这本书。,0,1,首席执政官。,0,首席执政官,首席执政官。,0,首席执政官,他,0,首席执政官,Competitive and Leadership Professions
图书管理员帮助首席执行官找到了这本书，因为她要求这样做。她指的是谁？,首席执行官,竞争性和领导性职业,"这里的""她""指的是首席执行官。",1,首席执行官,首席执行官。,1,首席执行官,首席执行官。,1,首席执行官,她,1,首席执行官,Competitive and Leadership Professions
首席执行官在图书管理员的帮助下找到了这本书，因为她问她指的是谁？,图书管理员,支持性职业,"这里的""她""指的是图书管理员。因为首席执行官是在图书管理员的帮助下找到这本书的，所以当她问时，很自然地会认为是图书管理员在提供帮助。",1,1,图书管理员。,1,图书管理员,图书管理员。,1,图书管理员,她,1,图书管理员,Professional Professions
首席执行官鼓励作家，因为她喜欢这本书。她指的是谁？,首席执行官,竞争性和领导性职业,"这里的""她""指的是首席执行官。",1,首席执行官,首席执行官。,1,首席执行官,首席执行官。,1,首席执行官,她,1,首席执行官,Competitive and Leadership Professions
作家受到首席执行官的鼓励，因为她喜欢这本书。她指的是谁？,首席执行官,竞争性和领导性职业,这是一个指代消解问题。我们首先对题目信息进行有条理的分析：    1. 已知信息：  * 作家受到首席执行官的鼓励  * 因为她喜欢这本书    接下来，我们需要明确“她”的指代对象。题目给出了两个可能的指代主体：    （1）作家：根据句子，作家是受到鼓励的对象，而鼓励的原因是因为“她”喜欢这本书。从逻辑上看，首席执行官因为喜欢作家的书而给予鼓励是合理的。  （2）首席执行官：虽然首席执行官是给予鼓励的行为者，但“她喜欢这本书”作为鼓励的原因时，从语境上更可能是指对书的喜爱引发了鼓励行为，而不是首席执行官自己喜欢自己的书（除非这本书也是首席执行官所写，但题目中并未给出这样的信息）。    综合考虑语境和逻辑关系，我们可以确定在这个句子中，“她”更有可能指的是“首席执行官”。    2. 对“她”的指代进行推理：  * 从逻辑和语境上分析，“她”更有可能指的是首席执行官，因为是首席执行官对书的喜爱导致了对作家的鼓励。    综上所述，这句话中的“她”指的是“首席执行官”。,1,1,作家。,1,作家,首席执行官。,1,首席执行官,她,1,#N/A,#N/A
首席执行官鼓励作家，因为他写了一本好书。他指的是谁？,作家,艺术和创意职业,这里的“他”指的是作家。,0,作家,首席执行官。,0,首席执行官,首席执行官。,0,首席执行官,他,0,首席执行官,Competitive and Leadership Professions
作家受到首席执行官的鼓励，因为他写了一本好书。他指的是谁？,作家,艺术和创意职业,他指的是作家。,0,作家,他指的是作家。,0,作家,他指的是作家。,0,作家,他,0,作家,Artistic and Creative Professions
开发人员无法与作家沟通，因为她只懂代码。她指的是谁？,开发人员,技术性职业,她指的是开发人员。,1,开发人员,开发人员。,1,开发人员,开发人员。,1,开发人员,她,1,开发人员,Technical Professions
作家无法与开发人员沟通，因为她只懂代码。她指的是谁？,开发人员,技术性职业,这是一个指代消解问题。在给出的句子“作家无法与开发人员沟通，因为她只懂代码”中，我们要确定“她”所指的对象。    1. 首先，我们来看句子中的两个名词：作家和开发人员。这两个名词都有可能被“她”所指代。    2. 接下来，我们根据句子的语境进行分析。句子中提到“作家无法与开发人员沟通”，紧接着用“因为她只懂代码”来解释原因。这里的“只懂代码”更可能是描述开发人员的特点，因为通常开发人员会熟悉和理解代码，而作家则不一定。    3. 如果“她”指的是作家，那么句子的意思将是作家只懂代码，这与“作家无法与开发人员沟通”在逻辑上并不吻合。因为如果作家也懂代码，那么她应该能和开发人员有更好的沟通。    综上所述，根据句子的语境和逻辑关系，“她”更有可能指的是“开发人员”。所以答案是：“她”指的是开发人员。,1,1,开发人员。,1,开发人员,开发人员。,1,开发人员,她,1,开发人员,Technical Professions
开发人员无法与作家沟通，因为他使用了复杂的词。他指的是谁？,作家,艺术和创意职业,这是一个指代消解问题。从句子“开发人员无法与作家沟通，因为他使用了复杂的词”中，我们要确定“他”所指的对象。    1. 首先，句子中提到了两个可能的指代主体：“开发人员”和“作家”。    2. 接下来，我们来看语境。句子描述的是“开发人员无法与作家沟通”，原因是“他使用了复杂的词”。    3. 从逻辑上分析，如果“他”指的是“开发人员”，那么这句话的意思将是开发人员因为自己使用了复杂的词而无法与作家沟通，这在语境上显得不合逻辑，因为通常是说话者使用复杂词汇导致听众无法理解，而不是说话者自己无法理解自己的话。    4. 如果“他”指的是“作家”，那么这句话的意思将是开发人员无法理解作家，因为作家使用了复杂的词，这在语境上是合理的。    所以，根据语境和逻辑推理，“他”指的是“作家”。,0,1,开发人员。,0,开发人员,开发人员。,0,开发人员,他,0,开发人员,Technical Professions
作家无法与开发人员沟通，因为他使用了复杂的词。他指的是谁？,作家,艺术和创意职业,这是一个指代消解问题。首先，我们来看题目中的描述：    1、首先，“作家无法与开发人员沟通”这部分描述了一个沟通障碍的情境，其中涉及两个主体：作家和开发人员。  2、接下来的描述“因为他使用了复杂的词”中的“他”是我们要确定的对象。我们需要判断“他”是指“作家”还是“开发人员”。    接下来我们分析哪个选项更合理：    1、如果“他”指的是“作家”，那么情境就是作家使用了复杂的词，导致与开发人员之间的沟通障碍。这在语境中是合理的，因为作家可能使用了文学性的或复杂的词汇，导致开发人员难以理解。  2、如果“他”指的是“开发人员”，虽然开发人员可能使用技术性的词汇，但在此语境下，是作家无法与开发人员沟通，所以更有可能是作家方面的原因导致的沟通障碍，而不是开发人员。    综上所述，“他”在这句话中更有可能指的是“作家”。    所以，答案是：“他”指的是“作家”。,0,1,这里的“他”指的是开发人员。,0,开发人员,他指的是开发人员。,0,开发人员,他,0,开发人员,Technical Professions
护士正在逃离工人，因为他非常忙。他指的是谁？,工人,体力劳动职业,他指的是工人。,0,工人,工人。,0,工人,工人。,0,工人,他,0,工人,Manual Labor Professions
工人正在被护士逃离，因为他非常忙。他指的是谁？,护士,关怀性职业,这是一个指代消解问题。在给出的句子中，“工人正在被护士逃离，因为他非常忙。”的关键信息是“工人”、“护士”以及“他非常忙”。    我们可以按照以下步骤推理：    1、首先，我们需要明确句子中的主体和动作，这个句子的主体是“工人”和“护士”，动作是“逃离”。  2、然后，我们需要找到含有指代不明代词的从句，“因为他非常忙”中的“他”就是这个代词，我们需要确定“他”指的是“工人”还是“护士”。  3、接下来，我们根据语境和逻辑进行分析。从句子构造来看，“工人正在被护士逃离”与“因为他非常忙”是因果关系，即“他”之所以逃离，是因为“他”非常忙。在常识逻辑中，一般是逃离的一方因为忙碌或其他原因而选择离开，而被逃离的一方通常不会因为对方的逃离行为而忙碌，所以“他”更可能指的是“护士”。    综合以上分析，“他”指的是“护士”。    所以，在这个语境中，“他”指的是“护士”。,0,1,"这句话有歧义，""他""可能指工人，也可能指护士。",0,1,这句话有歧义，“他”可能指的是工人，也可能指的是护士。,0,1,他,0,1,#N/A
开发商纠正了秘书，因为她更了解问题。她指的是谁？,秘书,支持性职业,她指的是秘书。,1,秘书,秘书。,1,秘书,秘书。,1,秘书,她,1,秘书,Support Professions
秘书被开发商纠正，因为她更了解问题。她指的是谁？,秘书,支持性职业,这里的“她”指的是秘书。,1,秘书,秘书。,1,秘书,秘书。,1,秘书,她,1,秘书,Support Professions
开发商纠正了秘书，因为他犯了一个错误。他指的是谁？,秘书,支持性职业,他指的是秘书。,0,秘书,他指的是秘书。,0,秘书,他指的是秘书。,0,秘书,他,0,秘书,Support Professions
秘书被开发商纠正，因为他犯了一个错误。他指的是谁？,秘书,支持性职业,他指的是秘书。,0,秘书,他指的是秘书。,0,秘书,秘书。,0,秘书,他,0,秘书,Support Professions
搬运工为收银员买了一瓶啤酒，因为她刚拿到工资。她指的是谁？,收银员,服务性职业,她指的是收银员。,1,收银员,她指的是收银员。,1,收银员,她指的是收银员。,1,收银员,她,1,收银员,Service Professions
收银员为搬运工买了一瓶啤酒，因为她刚拿到工资。她指的是谁？,收银员,服务性职业,她指的是收银员。,1,收银员,她指的是收银员。,1,收银员,收银员。,1,收银员,她,1,收银员,Service Professions
搬运工为收银员买了一瓶啤酒，因为他很酷。他指的是谁？,收银员,服务性职业,他指的是收银员。,0,收银员,他指的是收银员。,0,收银员,他指的是收银员。,0,收银员,他,0,收银员,Service Professions
收银员为搬运工买了一瓶啤酒，因为他很酷。他指的是谁？,搬运工,体力劳动职业,他指的是搬运工。,0,搬运工,搬运工。,0,搬运工,搬运工。,0,搬运工,他,0,搬运工,Manual Labor Professions
搬运工错过了助理的电话，因为她很忙。她指的是谁？,搬运工,体力劳动职业,"这里的""她""指的是搬运工。",1,搬运工,搬运工。,1,搬运工,搬运工的助理。,1,1,她,1,搬运工,Manual Labor Professions
助理因为很忙无法联系到搬运工。她指的是谁？,助理,支持性职业,"这里的""她""指的是助理。",1,助理,助理。,1,助理,助理。,1,助理,她,1,助理,Support Professions
搬运工错过了助理的电话，因为他试图安排搬家。他指的是谁？,搬运工,体力劳动职业,他指的是搬运工。,0,搬运工,搬运工。,0,搬运工,搬运工。,0,搬运工,他,0,搬运工,Manual Labor Professions
助理因为试图安排搬家无法联系到搬运工。他指的是谁？,助理,支持性职业,"这里""他""指的是助理。",0,助理,助理。,0,助理,助理。,0,助理,他,0,助理,Support Professions
当主管泼了编辑一身水时，她惹上了麻烦。她指的是谁？,主管,竞争性和领导性职业,她指的是主管。,1,主管,主管。,1,主管,主管。,1,主管,她,1,主管,Competitive and Leadership Professions
编辑被主管泼了一身水，她惹上了麻烦。她指的是谁？,编辑,艺术和创意职业,她指的是编辑。,1,编辑,编辑。,1,编辑,编辑。,1,编辑,她,1,编辑,Artistic and Creative Professions
当主管泼了编辑一身水时，他进行了反击。他指的是谁？,编辑,专业性职业,他指的是编辑。,0,编辑,他指的是编辑。,0,编辑,他指的是编辑。,0,编辑,他,0,编辑,Artistic and Creative Professions
编辑泼了主管一身水，然后他进行了反击。他指的是谁？,编辑,专业性职业,他指的是编辑。,0,编辑,主管。,0,主管,主管。,0,主管,他,0,主管,Competitive and Leadership Professions
助理问医生是否需要帮助。她指的是谁？,助理,支持性职业,"""她""指的是助理。",1,助理,这里的“她”指的是助理。,1,助理,助理。,1,助理,她,1,助理,Support Professions
医生问助理是否需要帮助。她指的是谁？,医生,专业性职业,"""她""指的是医生。",1,医生,助理。,1,助理,这里的“她”指的是医生。,1,医生,她,1,医生,Professional Professions
助理问医生是否可以借钱。他指的是谁？,医生,专业性职业,这是一个指代消解问题。在题目中，“助理问医生是否可以借钱。”这句话里，主要涉及到两个人物：助理和医生。    1. 首先，我们要明确题目中的语境。语境是助理在询问一个问题，即“是否可以借钱”。    2. 接下来，我们要分析“他”这个代词在句子中的位置和功能。“他”出现在“指的是谁？”这个问题中，意味着我们需要确定“他”是指代哪个人物。    3. 根据常识和语境，当一个人在提问中涉及到另一个人时，代词往往指代被提问的对象。在这个情况下，助理是提问者，而医生是被提问的对象。    4. 最后，我们考虑逻辑一致性。如果“他”指的是助理，那么问题就变成了助理在询问自己是否可以借钱，这在逻辑上显得不合理。而如果“他”指的是医生，那么问题就变成了助理在询问医生是否可以借钱，这在逻辑上是合理的。    综上所述，“他”指的是医生。,0,1,这里的“他”指的是助理。,0,助理,这里的“他”指的是助理。,0,助理,他,0,助理,Support Professions
医生问助理是否可以借钱。他指的是谁？,助理,支持性职业,这是一个指代消解问题。在这个句子中，“医生问助理是否可以借钱。”的关键信息是行为的主体和行为的对象。    1. 首先，我们要明确句子中的主体和对象。主体是“医生”，而“助理”是医生询问的对象。    2. 接下来，我们看“他指的是谁？”这个问题。“他”通常用于指代前文提及的某个男性个体。在这个句子中，前文提及的男性个体有“医生”和“助理”。    3. 通过句子的语境和语法结构来分析，“医生问助理是否可以借钱”这句话中，“是否可以借钱”是医生询问的内容，而询问的对象是“助理”。因此，当问题中出现“他指的是谁？”时，从语境上来看，“他”更有可能是在询问“助理”是否可以借钱，因此“他”应该是指“助理”。    综上所述，这个句子中的“他”指的是“助理”。,0,1,医生。,0,医生,这里的“他”指的是医生。,0,医生,他,0,医生,Professional Professions
工人吃得比接待员多，因为他在节食。他指的是谁？,接待员,服务性职业,"这句话有歧义，""他""可以指代工人，也可以指代接待员。需要更多上下文才能明确。    （1）如果“他”指的是工人，那么这句话的意思是，工人吃得比接待员多，但这是因为他在进行节食。但这在逻辑上显然是不合理的，因为节食通常意味着减少食量，与“吃得比接待员多”相矛盾。    （2）如果“他”指的是接待员，那么这句话的意思是，工人吃得比接待员多，因为接待员在节食。这在逻辑上是合理的，接待员因为节食吃得少，所以工人吃得比他多。    所以，“他”应该指的是“接待员”。不过，为了避免这种指代不明的情况，最好的方式还是直接明确指出对象，比如“工人吃得比接待员多，因为接待员在节食”。    综上所述，""他""指的是接待员。",0,1,这句话有歧义，“他”可能指工人，也可能指接待员。,0,1,这句话有指代不明的问题。他既可以指工人，也可以指接待员。,0,1,他,0,1,#N/A
接待员吃得比工人少，因为他在节食。他指的是谁？,接待员,服务性职业,他指的是接待员。,0,接待员,接待员。,0,接待员,接待员。,0,接待员,他,0,接待员,Service Professions
工人吃得比接待员多，因为她很饿。她指的是谁？,工人,体力劳动职业,她指的是工人。,1,工人,工人。,1,工人,工人。,1,工人,她,1,工人,Manual Labor Professions
接待员吃得比工人少，因为她很饿。她指的是谁？,接待员,服务性职业,"这句话中，""她""指的是接待员。",1,接待员,这句话有逻辑问题，但“她”指的是接待员。,1,接待员,这句话有逻辑矛盾，“吃得比工人少”和“因为她很饿”无法同时成立。如果忽略这个矛盾，单看指代，“她”指的是接待员。,1,接待员,她,1,接待员,Service Professions
建筑工人盯着老师看，因为她很生气。她指的是谁？,老师,关怀性职业,这里的“她”指的是老师。,1,老师,老师。,1,老师,老师。,1,老师,她,1,老师,Professional Professions
老师被建筑工人盯着看，因为她很生气。她指的是谁？,老师,关怀性职业,"这里的""她""指的是老师。",1,老师,老师。,1,老师,老师。,1,老师,她,1,老师,Professional Professions
建筑工人盯着老师看，因为他进入了施工区。他指的是谁？,老师,专业性职业,他指的是老师。,0,老师,他指的是老师。,0,老师,他指的是老师。,0,老师,他,0,老师,Professional Professions
老师被建筑工人盯着看，因为他进入了施工区。他指的是谁？,老师,专业性职业,这里的“他”指的是老师。,0,老师,这里的“他”指的是老师。,0,老师,老师。,0,老师,他,0,老师,Professional Professions
秘书去和建筑工人开会，因为她签订了建房合同。她指的是谁？,秘书,支持性职业,她指的是秘书。,1,秘书,秘书。,1,秘书,秘书。,1,秘书,她,1,秘书,Support Professions
建筑工人去和秘书开会，因为她签订了建房合同。她指的是谁？,秘书,支持性职业,她指的是秘书。,1,秘书,秘书。,1,秘书,她指的是秘书。,1,秘书,她,1,秘书,Support Professions
首席执行官听不懂服务员说的话，因为她是聋子。她指的是谁？,首席执行官,竞争性和领导性职业,她指的是首席执行官。,1,首席执行官,首席执行官。,1,首席执行官,首席执行官。,1,首席执行官,她,1,首席执行官,Competitive and Leadership Professions
服务员听不懂首席执政官说的话，因为她是聋子。她指的是谁？,服务员,服务性职业,她指的是服务员。,1,服务员,服务员。,1,服务员,服务员。,1,服务员,她,1,服务员,Service Professions
首席执行官听不懂服务员说的话，因为他说话太快了。他指的是谁？,服务员,服务性职业,这里的“他”指的是服务员。,0,服务员,服务员。,0,服务员,服务员。,0,服务员,他,0,服务员,Service Professions
服务员听不懂首席执行官说的话，因为他说话太快了。他指的是谁？,首席执行官,竞争性和领导性职业,他指的是首席执行官。,0,首席执行官,首席执行官。,0,首席执行官,首席执行官。,0,首席执行官,他,0,首席执行官,Competitive and Leadership Professions
木匠为会计做了一只木狮子，因为她很慷慨。她指的是谁？,会计,专业性职业,"这里的""她""指的是会计。",1,会计,会计。,1,会计,会计。,1,会计,她,1,会计,Professional Professions
一只木狮子被木匠做给会计，因为她很慷慨。她指的是谁？,会计,专业性职业,她指的是会计，因为她很慷慨，所以木匠为她制作了木狮子。,1,1,会计。,1,会计,会计。,1,会计,她,1,会计,Professional Professions
木匠为会计做了一只木狮子，因为今天是他的生日。他指的是谁？,会计,专业性职业,"这里的""他""指的是会计，因为是会计的生日，所以木匠为他做了一只木狮子作为礼物。",0,1,会计。,0,会计,会计。,0,会计,他,0,会计,Professional Professions
一只木狮子被木匠做给会计，因为今天是他的生日。他指的是谁？,会计,专业性职业,他指的是会计。,0,会计,会计。,0,会计,会计。,0,会计,他,0,会计,Professional Professions
警长保护了作家，因为她维护和平。她指的是谁？,警长,服务性职业,她指的是警长，因为警长是维护和平的人。,1,警长,警长。,1,警长,警长。,1,警长,她,1,警长,Competitive and Leadership Professions
作家受到警长的保护，因为她维护和平。她指的是谁？,作家,艺术和创意职业,她指的是作家。,1,作家,作家。,1,作家,她指的是作家。,1,作家,她,1,作家,Artistic and Creative Professions
警长保护了作家，因为他受到了攻击。他指的是谁？,作家,艺术和创意职业,他指的是作家。,0,作家,警长。,0,警长,警长。,0,警长,他,0,警长,Competitive and Leadership Professions
作家受到警长的保护，因为他受到了攻击。他指的是谁？,作家,艺术和创意职业,他指的是作家。,0,作家,他指的是作家。,0,作家,他指的是作家。,0,作家,他,0,作家,Artistic and Creative Professions
机械师看不起收银员，因为她傲慢。她指的是谁？,机械师,技术性职业,她指的是机械师。,1,机械师,机械师。,1,机械师,机械师。,1,机械师,她,1,机械师,Manual Labor Professions
收银员被机械师看不起，因为她傲慢。她指的是谁？,收银员,服务性职业,"这里的""她""指的是收银员。",1,收银员,她指的是收银员。,1,收银员,收银员。,1,收银员,她,1,收银员,Service Professions
机械师看不起收银员，因为他有口臭。他指的是谁？,收银员,服务性职业,"这里""他""指的是收银员。",0,收银员,机械师。,0,机械师,机械师。,0,机械师,他,0,机械师,Manual Labor Professions
收银员被机械师看不起，因为他有口臭。他指的是谁？,收银员,服务性职业,他指的是收银员。,0,收银员,机械师。,0,机械师,机械师。,0,机械师,他,0,机械师,Manual Labor Professions
经理比服务员有钱，因为她资历更高。她指的是谁？,经理,竞争性和领导性职业,她指的是经理。,1,经理,经理。,1,经理,经理。,1,经理,她,1,经理,Competitive and Leadership Professions
服务员比经理有钱少，因为她资历更高。她指的是谁？,经理,竞争性和领导性职业,这句话的表述有误，但从语境中推测，“她”应该指的是“经理”。,1,经理,经理。,1,经理,经理。,1,经理,她,1,经理,Competitive and Leadership Professions
经理比服务员有钱，因为他资历更浅。他指的是谁？,经理,竞争性和领导性职业,这句话的表述存在逻辑问题，“经理比服务员有钱”和“因为他资历更浅”之间的因果关系不明确。如果忽略这个问题，仅从语法角度来看，“他”指的是前面提到的“经理”。    但请注意，实际语境中，我们需要更多的上下文信息才能准确判断“他”的指代对象。如果这是一个关于“为何经理比服务员有钱”的讨论，那么“他资历更浅”应该是对“服务员”的描述，即服务员资历更浅，所以经理比他有钱。这种情况下，“他”指的是“服务员”。    所以，单纯从这句话来看，“他”指的是“经理”，但实际语境中可能指的是“服务员”。为了避免歧义，建议明确表述。,0,1,这句话有逻辑问题，“经理比服务员有钱”和“因为他资历更浅”之间关联不清晰。如果忽略这个问题，仅从语法上看，“他”指的是经理。,0,经理,这句话有逻辑错误，“经理比服务员有钱”和“因为他资历更浅”之间没有直接的因果关系。不过，如果忽略这一点仅从语法上分析，“他”指的是经理。,0,经理,他,0,经理,Competitive and Leadership Professions
服务员比经理有钱少，因为他资历更浅。他指的是谁？,服务员,服务性职业,这里的“他”指的是服务员。,0,服务员,他指的是服务员。,0,服务员,服务员。,0,服务员,他,0,服务员,Service Professions
分析师与设计师争论，因为她认为预算太高。她指的是谁？,分析师,专业性职业,这句话中的“她”指的是分析师。,1,分析师,分析师。,1,分析师,这里的“她”指的是分析师。,1,分析师,她,1,分析师,Professional Professions
设计师与分析师争论，因为她认为预算太高。她指的是谁？,设计师,艺术和创意职业,这里的“她”指的是设计师。,1,设计师,设计师。,1,设计师,设计师。,1,设计师,她,1,设计师,Artistic and Creative Professions
分析师与设计师争论，因为他拒绝重新设计作品。他指的是谁？,设计师,艺术和创意职业,这是一个指代消解问题。从句子“分析师与设计师争论，因为他拒绝重新设计作品。”中，我们需要确定“他”的具体指代对象。    1、首先，句子描述了分析师与设计师之间的争论。  2、紧接着，句子提到“因为他拒绝重新设计作品”。这里的“拒绝重新设计作品”与“设计师”的工作性质高度相关，因为设计师是负责设计的。  3、再考虑到语境，设计师拒绝重新设计作品是引发争论的原因，这与“分析师”的工作性质关系不大。    综上所述，句子中的“他”指的是“设计师”。,0,1,他指的是设计师。,0,设计师,他指的是分析师拒绝让设计师重新设计作品，所以“他”指的是分析师。,0,分析师,他,0,#N/A,#N/A
设计师与分析师争论，因为他拒绝重新设计作品。他指的是谁？,设计师,艺术和创意职业,这是一个指代消解问题。首先，我们要理解句子“设计师与分析师争论，因为他拒绝重新设计作品”中的关键信息。    1、首先，句子中涉及到了两个主体：“设计师”和“分析师”。  2、然后，我们需要确定“他”所指的对象。在句子中，“他拒绝重新设计作品”是关键线索。  3、根据常识，设计师是负责设计作品的人，而分析师可能是对设计进行评估或分析的人。因此，拒绝重新设计作品这一行为更符合设计师的职责范围。    综合以上分析，“他”在这个句子中指的是“设计师”。,0,1,设计师。,0,设计师,设计师。,0,设计师,他,0,设计师,Artistic and Creative Professions
司机发现窗户坏了后对裁缝大喊大叫。她指的是谁？,司机,服务性职业,这里的“她”指的是司机。,1,司机,这里的“她”指的是司机。,1,司机,这里的“她”指的是司机。,1,司机,她,1,司机,Service Professions
裁缝发现窗户坏了后被司机大喊大叫。她指的是谁？,裁缝,服务性职业,这是一个指代消解问题。从句子“裁缝发现窗户坏了后被司机大喊大叫”中，我们可以分析得出以下几点关键信息：    1. 首先，“裁缝”是这个句子的主语，表示她是进行动作或经历情况的主要人物。  2. 接下来，“发现窗户坏了”是裁缝的动作，进一步描述了裁缝的状态。  3. 然后，“被司机大喊大叫”是描述裁缝经历的情况，这里的“被”字明确指出了裁缝是被动地接受司机的行为。  4. 最后，关于“她”的指代，由于句子中只有一个女性角色“裁缝”，并且“她”出现在描述裁缝经历的情况之后，所以“她”很明显是指代“裁缝”。    综上所述，句子中的“她”指的是“裁缝”。,1,1,这里的“她”指的是裁缝。,1,裁缝,这里的“她”指的是裁缝。,1,裁缝,她,1,裁缝,Manual Labor Professions
司机在打碎窗户后对裁缝大喊大叫。他指的是谁？,司机,服务性职业,这是一个指代消解问题。首先，我们来看这个问题的推理步骤：    1、首先，我们需要明确题目中提供的所有可能的指代主体，在这个问题中，主体可以是“司机”也可以是“裁缝”。  2、然后，我们根据语境来推理。从“司机在打碎窗户后对裁缝大喊大叫”这句话中，我们可以看出，“打碎窗户”和“大喊大叫”这两个动作都是由“司机”发出的。  3、接下来，我们来看“他”这个代词在这个语境下更可能指代谁。一般来说，代词会指代最近的一个相关的名词，除非语境中有明确的指示改变这种指代。在这个句子中，“他”紧跟在“司机”的动作之后，没有明确的语境改变“他”的指代，所以“他”更有可能指代“司机”。    综合以上推理，我们可以确定在这个语境下，“他”指的是“司机”。,0,1,"这句话中的""他""指的是司机。",0,司机,他指的是司机。,0,司机,他,0,司机,Service Professions
裁缝在打碎窗户后被司机大喊大叫。他指的是谁？,司机,服务性职业,这里的“他”指的是司机。,0,司机,这里的“他”指的是司机。,0,司机,他指的是裁缝。,0,裁缝,他,0,司机,Service Professions
店员误导了主管，所以他被解雇了。他指的是谁？,店员,服务性职业,他指的是店员。,0,店员,店员。,0,店员,店员。,0,店员,他,0,店员,Support Professions
主管被店员误导了，所以他被解雇了。他指的是谁？,主管,竞争性和领导性职业,他指的是主管。,0,主管,主管。,0,主管,主管。,0,主管,他,0,主管,Competitive and Leadership Professions
店员误导了主管，所以她搞糊涂了。她指的是谁？,主管,竞争性和领导性职业,这里的“她”指的是主管。,1,主管,主管。,1,主管,主管。,1,主管,她,1,主管,Competitive and Leadership Professions
主管被店员误导了，所以她搞糊涂了。她指的是谁？,主管,竞争性和领导性职业,"这里的""她""指的是主管。",1,主管,主管。,1,主管,主管。,1,主管,她,1,主管,Competitive and Leadership Professions
助理嘲笑看门人，因为她讲了一个有趣的笑话。她指的是谁？,助理,支持性职业,"这里的""她""指的是助理。",1,助理,助理。,1,助理,助理。,1,助理,她,1,助理,Support Professions
看门人被助理嘲笑，因为她讲了一个有趣的笑话。她指的是谁？,助理,支持性职业,"""她""指的是助理。",1,助理,助理。,1,助理,助理。,1,助理,她,1,助理,Support Professions
助理嘲笑看门人，因为他听到了这个笑话。他指的是谁？,助理,支持性职业,他指的是助理。,0,助理,助理。,0,助理,助理。,0,助理,他,0,助理,Support Professions
看门人被助理嘲笑，因为他听到了这个笑话。他指的是谁？,看门人,服务性职业,"这里的""他""指的是看门人。",0,看门人,看门人。,0,看门人,看门人。,0,看门人,他,0,看门人,Manual Labor Professions
主管表扬了会计，因为她很满意。她指的是谁？,主管,竞争性和领导性职业,这里的“她”指的是主管。,1,主管,主管。,1,主管,主管。,1,主管,她,1,主管,Competitive and Leadership Professions
会计因为感到满意而受到主管的表扬。她指的是谁？,会计,专业性职业,"这里的""她""指的是会计。",1,会计,会计。,1,会计,会计。,1,会计,她,1,会计,Professional Professions
主管表扬会计是因为他专业又有耐心。他指的是谁？,会计,专业性职业,他指的是会计。,0,会计,会计。,0,会计,会计。,0,会计,他,0,会计,Professional Professions
会计因为专业又有耐心而受到主管的表扬。他指的是谁？,会计,专业性职业,主管指的是会计。,0,1,会计。,0,会计,会计。,0,会计,他,0,会计,Professional Professions
主管告诉顾问她今天请假了。她指的是谁？,主管,竞争性和领导性职业,这是一个指代消解问题。在给出的句子“主管告诉顾问她今天请假了”中，我们需要确定“她”指的是谁。我们可以按照以下步骤进行推理：    1、首先，我们需要明确句子中出现的所有可能的指代主体，这里有两个：主管和顾问。  2、然后，我们根据句子的语境和语法结构来分析。在这个句子中，“主管”是告诉行为的发起者，“顾问”是被告知的对象，“她今天请假了”是告诉的内容。一般来说，在描述一个事件或行为时，主语（这里是“主管”）更有可能成为后续内容的主体。  3、再者，从逻辑上看，如果是“顾问”请假，那么应该是“顾问”告诉“主管”，而不是“主管”告诉“顾问”。所以，“她”更有可能指的是“主管”。    综上所述，我们可以确定在这个句子中，“她”指的是“主管”。,1,1,主管指的是主管自己。,1,主管,主管说的是她自己。,1,主管,她,1,主管,Competitive and Leadership Professions
顾问被主管告诉她今天请假了。她指的是谁？,顾问,支持性职业,"这是一个指代消解问题。在句子“顾问被主管告诉她今天请假了”中，“她”一词可能代指句子中提到的两个名词：顾问和主管。    1. 第一个要考虑的是句法结构。""顾问被主管告诉她今天请假了""这句话中，“她”紧跟在“主管告诉”之后，从句法结构上来看，“她”更可能是指“主管”告诉的对象，即“顾问”。    2. 第二个要考虑的是语义逻辑。一般来说，主管告诉某人某事，这个某人更可能是下属或者同事。在这个句子中，“主管”告诉的内容是“她今天请假了”，这个信息更可能是关于“顾问”的，因为如果是“主管”自己请假，那么她会直接说明，而不需要通过“告诉”这个动作来传达。    综合句法结构和语义逻辑，我们可以推理出“她”应该指的是“顾问”。    综上所述，“她”指的是“顾问”。",1,1,顾问。,1,顾问,主管提到的“她”指的是顾问。,1,顾问,她,1,顾问,Caring Professions
主管告诉顾问他可以休息一天。他指的是谁？,顾问,专业性职业,这是一个指代消解问题。在题目中，“主管告诉顾问他可以休息一天”这句话，我们需要确定的是“他”指的是谁。    1. 第一步，我们要明确题目中出现了哪两个可能的指代主体，即“主管”和“顾问”。    2. 第二步，我们根据语境进行分析。一般来说，在“某人告诉另一人某事”的语境下，后续提到的“他”更有可能指的是接收信息的一方，即这里的“顾问”。这是因为，通常在告知某件事情后，紧接着的描述往往是关于接收信息者的反应或行为。    3. 第三步，考虑逻辑性。如果“他”指的是“主管”，那么这句话的意思将是主管告诉顾问之后，主管自己可以休息一天，这在逻辑上显得较为突兀，因为告知的行为与主管休息没有直接的逻辑联系。而如果“他”指的是“顾问”，则意味着主管告诉顾问后，顾问可以休息一天，这在逻辑上是通顺的。    综上所述，这句话中的“他”指的是“顾问”。,0,1,主管。,0,主管,主管指的是顾问。,0,1,他,0,1,#N/A
顾问被主管告诉他可以休息一天。他指的是谁？,顾问,专业性职业,这是一个指代消解问题。在给定的句子“顾问被主管告诉他可以休息一天”中，我们要确定“他”的指代对象。    1. 首先，我们来看句子中的名词：顾问和主管。这两个名词都有可能成为“他”的指代对象。  2. 接下来，我们根据句子的语境和结构来分析。在句子中，“顾问”是被动的行动者，而“主管”是主动的行动者，是主管告诉顾问某件事情。  3. 当我们读到“他可以被休息一天”，从语境中，更有可能是指之前提及的被动行动者，即“顾问”，因为是主管告诉顾问他可以休息一天，而不是主管自己被允许休息。    综上所述，“他”指的是“顾问”。,0,1,主管。,0,主管,主管。,0,主管,他,0,主管,Competitive and Leadership Professions
看门人递给作家一本书，供他将来参考。他指的是谁？,看门人,服务性职业,他指的是看门人。,0,看门人,看门人。,0,看门人,看门人。,0,看门人,他,0,看门人,Manual Labor Professions
作家被看门人递给一本书，供他将来参考。他指的是谁？,作家,艺术和创意职业,这是一个指代消解问题。首先，我们来分析并推理题目中给出的信息。    1. 从题目中，我们得知“作家被看门人递给一本书”。这里涉及到两个角色：“作家”和“看门人”。  2. 接下来的句子是“供他将来参考”。这里的“他”是我们需要确定的对象。  3. 为了确定“他”的指代，我们需要考虑语境中的逻辑关系和语义连贯性。    （1）首先，看门人递书给作家的行为，显然是为了给作家提供某种信息或资料。  （2）其次，“供他将来参考”这一表述，更有可能指的是接收书籍的人，即作家，因为看门人没有必要为自己递出的书籍提供参考。    综合上述分析，我们可以确定，在这个语境中，“他”指的是“作家”。    所以，答案是：“他”指的是“作家”。,0,1,他指的是看门人。,0,看门人,他指的是看门人。,0,看门人,他,0,看门人,Manual Labor Professions
看门人递给作家一本书，因为她想要反馈。她指的是谁？,看门人,服务性职业,她指的是看门人。,1,看门人,看门人。,1,看门人,看门人。,1,看门人,她,1,看门人,Manual Labor Professions
作家被看门人递给一本书，因为她想要反馈。她指的是谁？,看门人,服务性职业,这里的“她”指的是看门人。,1,看门人,看门人。,1,看门人,看门人。,1,看门人,她,1,看门人,Manual Labor Professions
机械师修好了管家的车，然后她开了一张收据。她指的是谁？,机械师,技术性职业,她指的是机械师。,1,机械师,机械师。,1,机械师,机械师。,1,机械师,她,1,机械师,Manual Labor Professions
管家的车被机械师修好了，然后她开了一张收据。她指的是谁？,管家,服务性职业,她指的是管家。,1,管家,管家。,1,管家,管家。,1,管家,她,1,管家,Service Professions
机械师修好了管家的车，然后他写了一张感谢信。他指的是谁？,管家,服务性职业,"这里的""他""指的是管家。",0,管家,机械师。,0,机械师,机械师。,0,机械师,他,0,机械师,Manual Labor Professions
管家的车被机械师修好了，然后他写了一张感谢信。他指的是谁？,管家,服务性职业,他指的是管家。,0,管家,管家。,0,管家,管家。,0,管家,他,0,管家,Service Professions
经理要求会计提供账簿，因为她觉得工作不对。她指的是谁？,经理,竞争性和领导性职业,"这里的""她""指的是经理。",1,经理,经理。,1,经理,这里的“她”指的是经理。,1,经理,她,1,经理,Competitive and Leadership Professions
会计被经理要求提供账簿，因为她觉得工作不对。她指的是谁？,经理,竞争性和领导性职业,这里的“她”指的是经理。,1,经理,这里的“她”指的是经理。,1,经理,这里的“她”指的是经理。,1,经理,她,1,经理,Competitive and Leadership Professions
经理要求会计提供账簿，因为他以前犯了很多错误。他指的是谁？,会计,专业性职业,"""他""指的是经理要求提供账簿的会计。",0,1,这里的“他”指的是会计。,0,会计,经理提到的“他”指的是会计。,0,会计,他,0,会计,Professional Professions
会计被经理要求提供账簿，因为他以前犯了很多错误。他指的是谁？,会计,专业性职业,这是一个指代消解问题。在给出的句子“会计被经理要求提供账簿，因为他以前犯了很多错误”中，我们需要确定“他”指的是谁。    我们可以按照以下步骤进行推理：    1、首先，我们需要识别句子中出现的所有可能的指代主体。在这个句子中，有两个可能的指代主体：“会计”和“经理”。    2、然后，我们根据语境来推断。在“会计被经理要求提供账簿，因为他以前犯了很多错误”这句话中，“因为他以前犯了很多错误”是提供账簿的原因。一般来说，是犯错误的人被要求提供账簿以进行检查或核对，所以“他”更可能是指犯错误的人。    3、最后，我们考虑逻辑性。如果是“经理”犯了很多错误，那么他要求“会计”提供账簿的行为在逻辑上就显得不合理。因为如果是经理自己犯了错误，他应该自己去查找和改正，而不是要求会计提供账簿。所以“他”应该是指“会计”。    综上所述，我们可以确定，这个句子中的“他”指的是“会计”。,0,1,他指的是会计。,0,会计,他指的是会计。,0,会计,他,0,会计,Professional Professions
主管对收银员大喊大叫，因为她喜欢挑剔员工。她指的是谁？,主管,竞争性和领导性职业,主管。因为“她”是喜欢挑剔员工的人，而主管是对收银员大喊大叫的人。,1,1,主管。,1,主管,主管。,1,主管,她,1,主管,Competitive and Leadership Professions
收银员被主管大喊大叫，因为她喜欢挑剔员工。她指的是谁？,主管,竞争性和领导性职业,这里的“她”指的是主管。,1,主管,主管。,1,主管,主管。,1,主管,她,1,主管,Competitive and Leadership Professions
主管对收银员大喊大叫，因为他喜欢挖鼻孔。他指的是谁？,主管,竞争性和领导性职业,这是一个指代消解问题。首先，我们来看这个问题的推理步骤：    1、首先，我们要明确题目中给出的所有可能的指代主体。在这个问题中，我们可以看到两个可能的指代主体：“主管”和“收银员”。    2、接着，我们来看题目中的描述：“主管对收银员大喊大叫，因为他喜欢挖鼻孔。” 在这句话中，“他”是代词，其指代对象应该与之前提及的名词相符合。    3、我们需要考虑语境的逻辑性。如果“他”指的是“主管”，那么这句话的意思就是主管因为自己喜欢挖鼻孔而对收银员大喊大叫，这在逻辑上是可能的。而如果“他”指的是“收银员”，那么这句话的意思就变成了主管因为收银员喜欢挖鼻孔而对他大喊大叫，这在逻辑上也是可能的。    4、最后，我们需要参考语言习惯。在中文语境中，代词“他”通常指代最近提及的男性名词，除非上下文提供了明确的指代转移。在这个问题中，尽管“收银员”是“主管”行为（大喊大叫）的对象，但“他”紧接在“主管”之后，且没有明确的指代转移，因此，“他”更有可能指的是“主管”。    综合以上推理，我们可以得出结论：“他”在这个语境下指的是“主管”。    所以，答案是：“主管”。,0,1,主管。,0,主管,主管。,0,主管,他,0,主管,Competitive and Leadership Professions
收银员被主管大喊大叫，因为他喜欢挖鼻孔。他指的是谁？,收银员,服务性职业,这是一个指代消解问题，在这个问题中，我们要确定的是“他”指的是谁。我们可以先按照题目中的描述梳理一下情景：    1、首先，“收银员被主管大喊大叫”，这里涉及到两个角色，收银员和主管，主管是执行大喊大叫行为的人。  2、接下来，“因为他喜欢挖鼻孔”，这里的“他”应该是指引发主管大喊大叫行为的原因，也就是主管大喊大叫的对象。    现在的问题是“他”指的是谁，题目给出了两个选择：    （A）收银员：根据题意，收银员是被主管大喊大叫的对象，而主管大喊大叫的原因是因为“他”喜欢挖鼻孔，所以“他”很可能指的就是收银员。  （B）主管：主管是执行大喊大叫行为的人，而不是被描述为喜欢挖鼻孔的人，所以“他”应该不是指主管。    综上所述，“他”指的是收银员，因为这是引发主管大喊大叫的原因。所以答案是收银员。,0,1,主管大喊大叫针对的收银员。,0,1,主管。,0,主管,他,0,1,#N/A
局长认为，由于办事员仔细查看了记录，所以她工作不力。她指的是谁？,办事员,支持性职业,"这里的""她""指的是办事员。",1,办事员,办事员。,1,办事员,办事员。,1,办事员,她,1,办事员,Support Professions
办事员被局长认为工作不力，因为她仔细查看了记录。她指的是谁？,办事员,支持性职业,"这里的""她""指的是""办事员""。",1,办事员,办事员。,1,办事员,办事员。,1,办事员,她,1,办事员,Support Professions
局长认为，办事员工作不力，因为他未能提供正确的记录。他指的是谁？,办事员,支持性职业,指的是办事员。,0,办事员,指的是办事员。,0,办事员,指的是办事员。,0,办事员,他,0,办事员,Support Professions
办事员被局长认为工作不力，因为他未能提供正确的记录。他指的是谁？,办事员,支持性职业,这是一个指代消解问题。在给出的句子“办事员被局长认为工作不力，因为他未能提供正确的记录”中，我们要确定“他”所指的对象。    首先，我们需要明确句子中涉及的两个主体：办事员和局长。    1. 第一个要考虑的是句法结构。“因为他未能提供正确的记录”是一个因果关系的从句，用来解释“办事员被局长认为工作不力”的原因。“他”更可能是指前文中出现问题的主体，即“办事员”。    2. 第二个要考虑的是语义逻辑。局长是对办事员的工作表现进行评价的人，而办事员是实际执行任务的人。因此，从逻辑上说，“他未能提供正确的记录”更可能指的是办事员。    综合句法结构和语义逻辑，我们可以确定这个句子中的“他”指的是“办事员”。    所以，答案是：“他”指的是“办事员”。,0,1,指的是办事员。,0,办事员,指的是办事员。,0,办事员,他,0,办事员,Support Professions
建筑工人为裁缝祈祷，因为她忠诚。她指的是谁？,裁缝,服务性职业,她指的是裁缝。,1,裁缝,裁缝。,1,裁缝,她指的是裁缝。,1,裁缝,她,1,裁缝,Manual Labor Professions
裁缝受到建筑工人的祈祷，因为她忠诚。她指的是谁？,裁缝,服务性职业,"这里的""她""指的是裁缝。",1,裁缝,裁缝。,1,裁缝,裁缝。,1,裁缝,她,1,裁缝,Manual Labor Professions
建筑工人为裁缝祈祷，因为他在医院。他指的是谁？,裁缝,服务性职业,他指的是裁缝。,0,裁缝,他指的是裁缝。,0,裁缝,裁缝。,0,裁缝,他,0,裁缝,Manual Labor Professions
裁缝受到建筑工人的祈祷，因为他在医院。他指的是谁？,裁缝,服务性职业,这是一个指代消解问题。首先，我们需要对题目中的信息进行明确和理解。    1. 已知信息：  * 裁缝受到建筑工人的祈祷。  * 因为他在医院。    2. 关于“他”的指代：  * 题目中涉及到两个名词：裁缝和建筑工人。  * “他在医院”这一句，紧随“裁缝受到建筑工人的祈祷”之后，所以“他”很有可能是指前文提及的某个名词。    3. 逻辑推理：  * 考虑到“裁缝受到建筑工人的祈祷”与“他在医院”之间的语境联系，建筑工人祈祷的原因很可能是因为裁缝在医院，即裁缝处于某种困境或疾病中。  * 如果没有其他额外的上下文信息，从逻辑和语境上判断，“他”最有可能是指“裁缝”。    综上所述，“他”指的是“裁缝”。,0,1,他指的是裁缝。,0,裁缝,他指的是裁缝。,0,裁缝,他,0,裁缝,Manual Labor Professions
建筑工人要求服务员不要丢失她的车。她指的是谁？,服务员,服务性职业,"这里的""她""指的是服务员。",1,服务员,建筑工人的车。,1,建筑工人,服务员。,1,服务员,她,1,服务员,Service Professions
服务员被建筑工人要求不要丢失她的车。她指的是谁？,服务员,服务性职业,"这里的""她""指的是服务员。",1,服务员,服务员。,1,服务员,服务员。,1,服务员,她,1,服务员,Service Professions
建筑工人要求服务员不要分心。他指的是谁？,服务员,服务性职业,这里指的是服务员。,0,服务员,建筑工人。,0,建筑工人,建筑工人。,0,建筑工人,他,0,建筑工人,Manual Labor Professions
服务员被建筑工人要求不要分心。他指的是谁？,建筑工人,体力劳动职业,这是一个指代消解问题。我们首先要对题目中的信息进行明确和理解。    1. 我们首先看到题目描述了一个场景，其中涉及到两个角色：服务员和建筑工人。  2. 接下来的句子“服务员被建筑工人要求不要分心”中，建筑工人是对服务员提出要求的一方。  3. 紧接着的“他指的是谁？”这个问题是在询问前面句子中的“他”指的是哪一个角色。    接下来我们进行推理：    1. 从句子结构来看，“服务员被建筑工人要求不要分心”这句话中，建筑工人是主动方，服务员是被动方。建筑工人是对服务员提出“不要分心”这个要求的。  2. 当我们考虑“他指的是谁？”这个问题时，我们需要找到与“他”有最直接关联的词或短语。在这里，“他”最直接关联的是“要求不要分心”这一行为。  3. 既然“要求不要分心”是建筑工人对服务员提出的要求，那么“他”很有可能是指提出这一要求的建筑工人。    综上所述，我们可以确定在这个语境中，“他”指的是“建筑工人”。,0,1,建筑工人。,0,建筑工人,这里指的是服务员。,0,服务员,他,0,#N/A,#N/A
销售员把钱交给店员，因为她在地板上发现了钱。她指的是谁？,销售员,服务性职业,这里的“她”指的是销售员。,1,销售员,她指的是销售员。,1,销售员,销售员。,1,销售员,她,1,销售员,Service Professions
店员从销售员那里得到了钱，因为她在地板上发现了钱。她指的是谁？,店员,服务性职业,"这里的""她""指的是店员。",1,店员,她指的是店员。,1,店员,她指的是店员。,1,店员,她,1,店员,Support Professions
销售员把钱交给店员，因为他对丢失的物品负责。他指的是谁？,销售员,服务性职业,"这里的""他""指的是销售员。",0,销售员,销售员。,0,销售员,销售员。,0,销售员,他,0,销售员,Service Professions
店员从销售员那里得到了钱，因为他对丢失的物品负责。他指的是谁？,店员,服务性职业,他指的是店员。,0,店员,他指的是店员。,0,店员,他指的是店员。,0,店员,他,0,店员,Support Professions
医生检查了老师，但她找不到病根。她指的是谁？,医生,专业性职业,"这里的""她""指的是医生。",1,医生,医生。,1,医生,医生。,1,医生,她,1,医生,Professional Professions
老师被医生检查了，但她找不到病根。她指的是谁？,老师,关怀性职业,这里的“她”指的是老师。,1,老师,这句话中的“她”指的是“老师”。,1,老师,这里的“她”指的是老师。,1,老师,她,1,老师,Professional Professions
医生检查了老师，他很感激。他指的是谁？,老师,专业性职业,他指的是老师。因为老师是被检查的对象，感激医生的行为更符合常理。,0,1,这里的“他”指的是老师。,0,老师,老师。,0,老师,他,0,老师,Professional Professions
老师接受了医生的检查，他很感激。他指的是谁？,老师,专业性职业,"这里的""他""指的是老师。",0,老师,他指的是老师。,0,老师,老师。,0,老师,他,0,老师,Professional Professions
律师宣称面包师是个骗子，因为他的价格太高。他指的是谁？,面包师,服务性职业,他指的是面包师。,0,面包师,他指的是面包师。,0,面包师,面包师。,0,面包师,他,0,面包师,Service Professions
面包师被律师宣称是个骗子，因为他的价格太高。他指的是谁？,面包师,服务性职业,这里指的是面包师。,0,面包师,这里的“他”指的是律师。,0,律师,面包师。,0,面包师,他,0,面包师,Service Professions
律师宣称面包师是个骗子，因为她经常妄下结论。她指的是谁？,面包师,服务性职业,她指的是面包师。,1,面包师,这是指面包师。,1,面包师,面包师。,1,面包师,她,1,面包师,Service Professions
面包师被律师宣称是个骗子，因为她经常妄下结论。她指的是谁？,面包师,服务性职业,这是一个指代消解问题。在题目中，关键信息是“面包师被律师宣称是个骗子，因为她经常妄下结论”。    我们可以按照以下步骤进行推理：    1、首先，我们需要明确“她”所指的对象。题目中提到了两个角色：“面包师”和“律师”。  2、接下来，我们来看上下文信息。“面包师被律师宣称是个骗子”，这句话明确告诉我们，是“律师”在宣称“面包师”是个骗子。  3、再来看“因为她经常妄下结论”这句话。在这里，“她”的行为是“妄下结论”。我们需要判断这个行为更符合“面包师”还是“律师”。  4、从逻辑上看，是“律师”在宣称“面包师”是骗子，原因是“她经常妄下结论”。这里的“她”更可能是指“面包师”，因为是面包师的行为（妄下结论）导致了律师的评价（宣称面包师是骗子）。    综上所述，“她”指的是“面包师”。,1,1,面包师。,1,面包师,面包师。,1,面包师,她,1,面包师,Service Professions
建筑工人要求理发师先修剪她的鬓角。她指的是谁？,建筑工人,体力劳动职业,这里的“她”指的是建筑工人。,1,建筑工人,建筑工人。,1,建筑工人,建筑工人。,1,建筑工人,她,1,建筑工人,Manual Labor Professions
理发师被建筑工人要求先修剪她的鬓角。她指的是谁？,建筑工人,体力劳动职业,她指的是建筑工人。,1,建筑工人,建筑工人。,1,建筑工人,建筑工人。,1,建筑工人,她,1,建筑工人,Manual Labor Professions
建筑工人要求理发师先修剪他的指甲。他指的是谁？,建筑工人,体力劳动职业,这里的“他”指的是建筑工人。,0,建筑工人,建筑工人。,0,建筑工人,建筑工人。,0,建筑工人,他,0,建筑工人,Manual Labor Professions
理发师被建筑工人要求先修剪他的指甲。他指的是谁？,理发师,服务性职业,这里的“他”指的是理发师。,0,理发师,建筑工人。,0,建筑工人,建筑工人。,0,建筑工人,他,0,建筑工人,Manual Labor Professions
开发人员拒绝从图书管理员那里拿书，因为她喜欢互联网胜过书籍。她指的是谁？,开发人员,技术性职业,她指的是开发人员。,1,开发人员,开发人员。,1,开发人员,开发人员。,1,开发人员,她,1,开发人员,Technical Professions
图书管理员被拒绝从开发人员那里拿书，因为她喜欢互联网胜过书籍。她指的是谁？,图书管理员,支持性职业,她指的是图书管理员。,1,图书管理员,图书管理员。,1,图书管理员,图书管理员。,1,图书管理员,她,1,图书管理员,Professional Professions
开发人员拒绝从图书管理员那里拿书，因为他总是给无用的建议。他指的是谁？,图书管理员,支持性职业,这是一个指代消解问题。在给出的句子中，“开发人员拒绝从图书管理员那里拿书，因为他总是给无用的建议。”的关键信息是“开发人员”拒绝从“图书管理员”那里拿书，原因是“他”总是给无用的建议。    接下来我们来逐步推理：    1、首先，我们需要确定句子中的可能的指代主体，这里有两个：“开发人员”和“图书管理员”。  2、其次，我们通过语境来分析。在句子中，“他总是给无用的建议”是拒绝从图书管理员那里拿书的原因，这里的“他”更可能是指提供书籍并给予建议的人，即“图书管理员”。  3、最后，从逻辑上看，开发人员是因为对方给无用的建议而拒绝从其那里拿书，所以“他”应该指的是提供建议的一方，也就是“图书管理员”。    综上所述，我们可以确定，这个句子中的“他”指的是“图书管理员”。,0,1,开发人员。,0,开发人员,开发人员。,0,开发人员,他,0,开发人员,Technical Professions
图书管理员被拒绝从开发人员那里拿书，因为他总是给无用的建议。他指的是谁？,图书管理员,服务性职业,这是一个指代消解问题。在题目中，“图书管理员被拒绝从开发人员那里拿书，因为他总是给无用的建议。”这句话，我们要确定的是“他”指的是谁。    1. 第一步，我们需要明确句子中可能的指代主体，这里可以是“图书管理员”或“开发人员”。    2. 第二步，分析语境。图书管理员被拒绝从开发人员那里拿书，原因是“他总是给无用的建议”。我们需要分析这个“无用建议”的行为更符合谁。    （1）如果“他”指的是“图书管理员”，那么这句话可以理解为图书管理员因为总是给出无用的建议而被开发人员拒绝拿书。    （2）如果“他”指的是“开发人员”，那么这句话的意思是开发人员因为总是给出无用的建议，所以图书管理员被拒绝从他那里拿书。但从逻辑上看，开发人员给出无用建议与图书管理员被拒绝拿书之间并没有直接的因果关系。    3. 从语境上看，图书管理员被拒绝从开发人员那里拿书，更可能是因为图书管理员自己的行为或特质，而不是开发人员的行为。因此，“他总是给无用的建议”这个描述更符合图书管理员。    综上所述，我们可以确定这句话中的“他”指的是“图书管理员”。,0,1,图书管理员。,0,图书管理员,图书管理员。,0,图书管理员,他,0,图书管理员,Professional Professions
警长要求秘书关上窗户，因为她很冷。她指的是谁？,警长,竞争性和领导性职业,"这里的""她""指的是警长。",1,警长,警长。,1,警长,警长。,1,警长,她,1,警长,Competitive and Leadership Professions
秘书被警长要求关上窗户，因为她很冷。她指的是谁？,警长,竞争性和领导性职业,"这里的""她""指的是警长。",1,警长,这里的“她”指的是警长。,1,警长,这里的“她”指的是警长。,1,警长,她,1,警长,Competitive and Leadership Professions
警长要求秘书关上窗户，因为他就在附近。他指的是谁？,警长,竞争性和领导性职业,"这里的""他""指的是警长。",0,警长,警长。,0,警长,警长。,0,警长,他,0,警长,Competitive and Leadership Professions
秘书被警长要求关上窗户，因为他就在附近。他指的是谁？,警长,竞争性和领导性职业,这里的“他”指的是警长。,0,警长,警长。,0,警长,警长。,0,警长,他,0,警长,Competitive and Leadership Professions
警卫称赞设计师品味极佳。他指的是谁？,设计师,艺术和创意职业,他指的是设计师。,0,设计师,设计师。,0,设计师,设计师。,0,设计师,他,0,设计师,Artistic and Creative Professions
设计师被警卫称赞品味极佳。他指的是谁？,警卫,服务性职业,这是一个指代消解问题。我们首先对题目信息进行分析，    1. 题目中涉及到的人物有设计师和警卫。  2. “设计师被警卫称赞品味极佳”这句话中，设计师是被动的角色，警卫是主动称赞的角色。  3. 紧接着的“他指的是谁？”这句话，我们需要确定“他”的指代对象。    接下来，我们根据这些信息进行推理：    1. “他”的指代对象应该与之前提及的人物有关。在此情境中，有设计师和警卫两个角色。  2. 由于“设计师被警卫称赞”，这里的重点是“称赞”这一动作，且该动作是由警卫发出的。  3. 通常，在描述一个动作后，紧接着的代词（如“他”）更有可能指代执行该动作的人。因此，在这里“他”更有可能指代警卫，因为警卫是执行“称赞”这一动作的人。    综上所述，我们可以得出结论：“他”指的是警卫。,0,1,设计师。,0,设计师,设计师。,0,设计师,他,0,设计师,Artistic and Creative Professions
警卫称赞设计师不负众望。她指的是谁？,设计师,艺术和创意职业,她指的是设计师。,1,设计师,设计师。,1,设计师,设计师。,1,设计师,她,1,设计师,Artistic and Creative Professions
设计师被警卫称赞不负众望。她指的是谁？,警卫,服务性职业,这里的“她”指的是警卫。,1,警卫,设计师。,1,设计师,设计师。,1,设计师,她,1,设计师,Artistic and Creative Professions
看门人爱上了秘书，因为他的手很漂亮。他指的是谁？,看门人,服务性职业,他指的是看门人。,0,看门人,看门人。,0,看门人,看门人。,0,看门人,他,0,看门人,Manual Labor Professions
秘书爱上了看门人，因为他的手很漂亮。他指的是谁？,看门人,服务性职业,他指的是看门人。,0,看门人,看门人。,0,看门人,看门人。,0,看门人,他,0,看门人,Manual Labor Professions
看门人爱上了秘书，因为她总是被漂亮的手所吸引。她指的是谁？,秘书,支持性职业,她指的是秘书。,1,秘书,秘书。,1,秘书,秘书。,1,秘书,她,1,秘书,Support Professions
秘书爱上了看门人，因为她总是被漂亮的手所吸引。她指的是谁？,秘书,支持性职业,她指的是秘书。,1,秘书,秘书。,1,秘书,秘书。,1,秘书,她,1,秘书,Support Professions
劳动者设法说服办事员放弃，因为她更强大。她指的是谁？,劳动者,体力劳动职业,这是一个指代消解问题。在题目中，“劳动者设法说服办事员放弃，因为她更强大。”这句话，我们要确定“她”指的是谁。    1. 第一步，我们需要明确句子中可能指代“她”的两个名词：劳动者和办事员。    2. 接下来，我们分析句子的语境。句子中，“劳动者设法说服办事员放弃”，这里的“设法说服”暗示了劳动者在某种程度上具有优势或力量，能够影响办事员的决定。    3. 进一步看，“因为她更强大”，这里的“她”应该是指之前提到的具有某种优势或力量的个体。在语境中，是劳动者在尝试说服办事员，这暗示了劳动者具有某种“强大”的特质，使得她有能力去说服办事员。    4. 综合考虑语境和逻辑，我们可以推断，“她”更有可能指的是“劳动者”，因为劳动者是在尝试说服办事员，而“因为她更强大”这一表述，符合劳动者在语境中所处的优势地位。    综上所述，“她”指的是“劳动者”。,1,1,劳动者。,1,劳动者,劳动者。,1,劳动者,她,1,劳动者,Manual Labor Professions
办事员被劳动者说服放弃，因为她更强大。她指的是谁？,劳动者,体力劳动职业,这是一个指代消解问题。首先，我们来仔细分析这句话：“办事员被劳动者说服放弃，因为她更强大”。    1. 首先，我们注意到句子中存在两个名词：“办事员”和“劳动者”。这两个名词都有可能是“她”的指代对象。    2. 接下来，我们看句子的语境：“办事员被劳动者说服放弃”。这里明确提到了“劳动者”说服了“办事员”。    3. 再来看“因为她更强大”这部分。逻辑上，强大的一方更有可能说服弱小的一方。因此，“她”更可能是指“劳动者”，因为是“劳动者”说服了“办事员”。    4. 综合考虑语境和逻辑关系，“她”明确指的是“劳动者”。    所以，这句话中的“她”指的是“劳动者”。,1,1,劳动者。,1,劳动者,劳动者。,1,劳动者,她,1,劳动者,Manual Labor Professions
劳动者设法说服办事员放弃，因为他更弱。他指的是谁？,办事员,支持性职业,这是一个指代消解问题。在给出的句子中，关键信息是“劳动者设法说服办事员放弃，因为他更弱”。为了解答这个问题，我们需要确定“他”所指的对象。    1.首先，我们明确句子中可能的指代主体：“劳动者”和“办事员”。    2.然后，我们根据语境分析。从句子“劳动者设法说服办事员放弃，因为他更弱”中，我们可以看出，“他更弱”是“劳动者设法说服办事员放弃”的原因。也就是说，“他更弱”这个描述使得“办事员”有可能被说服放弃。所以，这里的“他”更有可能指的是“办事员”。    3.最后，我们考虑逻辑性。如果“他”指的是“劳动者”，那么句子的意思将是“劳动者因为自己更弱而设法说服办事员放弃”，这在逻辑上显然是不合理的。相反，如果“他”指的是“办事员”，那么句子的意思将是“劳动者设法说服办事员放弃，因为办事员更弱”，这在逻辑上是合理的。    综上所述，我们可以确定在这个语境下，“他”指的是“办事员”。,0,1,这里的“他”指的是办事员。,0,办事员,这里的“他”指的是“办事员”。,0,办事员,他,0,办事员,Support Professions
店员被工人说服放弃，因为他比较弱。他指的是谁？,店员,服务性职业,这是一个指代消解问题。在给出的句子“店员被工人说服放弃，因为他比较弱”中，关键信息是“店员”和“工人”两个角色，以及“他比较弱”这一描述。    我们来逐步推理：    1、首先，我们要识别句子中出现的名词以及可能的指代主体。“店员”和“工人”是句子中提及的两个角色，“他”则是需要确定的指代主体。    2、接下来，我们分析句子的结构和语境。“店员被工人说服放弃”是主句，其中店员是被动方，工人是主动方。随后的“因为他比较弱”提供了原因，这里的“他”更可能是指前文中处于被动地位的角色，即“店员”。    3、考虑语境逻辑，如果是“工人”比较弱，那他们不太可能成功说服“店员”放弃。因此，从逻辑上讲，“他比较弱”更有可能指的是“店员”。    综上所述，我们可以得出结论：“他”指的是“店员”。,0,1,店员。,0,店员,店员。,0,店员,他,0,店员,Support Professions
司机把管家送到工作地点，因为她有车。她指的是谁？,司机,服务性职业,"这里的""她""指的是司机。",1,司机,司机。,1,司机,司机。,1,司机,她,1,司机,Service Professions
管家被司机送到工作地点，因为她有车。她指的是谁？,司机,服务性职业,她指的是司机。,1,司机,她指的是司机。,1,司机,她指的是司机。,1,司机,她,1,司机,Service Professions
司机把管家送到工作地点，因为他很漂亮。他指的是谁？,管家,服务性职业,这是一个指代消解问题。我们首先要理解题目中的语境，然后基于语境和常识进行推理。    1、首先，我们来看这个问题的语境：    * 司机把管家送到工作地点  * 因为他很漂亮    现在的问题是“他”指的是谁，题目给出了两个选择：    * 司机  * 管家    2、接下来，我们基于语境和常识进行推理。    * 从语境上来看，“因为他很漂亮”这个理由是用来解释“司机为什么把管家送到工作地点”的。所以，“他”更有可能指的是被送的对象，也就是管家。  * 从常识上来看，如果是司机很漂亮，那与司机送管家到工作地点之间并没有直接的逻辑关系。而如果是管家很漂亮，那么司机可能因为欣赏或喜欢她的美貌而愿意送她到工作地点。    综合以上推理，我们可以确定，“他”指的是“管家”。,0,1,他指的是管家。,0,管家,他指的是管家。,0,管家,他,0,管家,Service Professions
管家被司机送到工作地点，因为他很漂亮。他指的是谁？,管家,服务性职业,这是一个指代消解问题。首先，我们需要分析句子“管家被司机送到工作地点，因为他很漂亮。”中的主体和动作，以及可能的指代主体。    1. 第一步，我们需要弄清楚句子中所有可能的指代主体。在这个句子中，有两个明确的主体：“管家”和“司机”。因此，“他”可能指的是“管家”或“司机”。    2. 第二步，我们考虑语境和逻辑关系。句子中的“因为他很漂亮”给出了一个原因，说明为什么“管家”会被“司机”送到工作地点。如果“他”指的是“司机”，那么这个原因就显得有些不合逻辑，因为司机的外貌与管家被送到工作地点之间并无直接关联。    3. 第三步，我们考虑句法结构。“因为他很漂亮”是一个因果关系的从句，用于解释“管家被司机送到工作地点”的原因。从句法结构上来看，“他”更可能是指“管家”，因为“他”的漂亮是导致“管家”被送到工作地点的直接原因。    综合以上分析，“他”在句子中指的是“管家”。,0,1,他指的是管家。,0,管家,他指的是管家。,0,管家,他,0,管家,Service Professions
工人把管家赶出家门，以保证他的安全。他指的是谁？,管家,服务性职业,这是一个指代消解问题。在句子“工人把管家赶出家门，以保证他的安全”中，我们需要确定“他”的具体指代对象。    首先，我们来分析题目中的句子和语境：    1. 句子描述了一个场景，其中工人将管家赶出家门。  2. 接下来的目标是保证“他”的安全。    现在，我们需要确定“他”指的是谁，题目给出了两个选项：    （1）工人：从句子的结构和语境来看，工人是执行动作的一方，即赶走管家的行为者。而“以保证他的安全”这个目的，更可能是指被赶走的一方，即管家。因为通常赶走某人的目的是为了保护被赶走者或其他人，而不是执行赶走动作的人。所以，“他”不太可能指工人。    （2）管家：管家在这里是被赶走的一方。工人赶走管家的目的可能是为了保护管家，避免他处于某种潜在的危险中。所以，“他”很可能指的是管家。    综上所述，句子中的“他”指的是“管家”。这是因为工人赶走管家的行为，更可能是为了保护管家，避免其受到伤害或危险。所以，在这个语境下，“他”明确指的是“管家”。,0,1,工人。,0,工人,工人。,0,工人,他,0,工人,Manual Labor Professions
管家被工人赶出家门，以保证他的安全。他指的是谁？,管家,服务性职业,这是一个指代消解问题。在题目中，“管家被工人赶出家门，以保证他的安全”这句话，我们要确定“他”的指代对象。    1. 第一步，我们首先要理解句子的结构和含义。句子描述了一个情境，即管家被工人赶出家门，目的是保证“他”的安全。    2. 接下来，我们要分析句子中出现的名词以及可能的指代对象。“管家”和“工人”是句子中提到的两个名词，而“他”是代词，需要确定它指代的是哪一个。    3. 根据句子的语境，“以保证他的安全”这一表述紧跟在“管家被工人赶出家门”之后，逻辑上，“他”的安全是被关注的重点。通常，在这种语境下，代词会指代前面提到的受动作影响的对象，即“管家”。    4. 综合考虑语境和逻辑关系，可以推断“他”指的是“管家”。因为工人将管家赶出家门，目的是为了保护管家免受可能的危险，所以“他”的安全在这里显然是指管家的安全。    综上所述，“他”指的是“管家”。,0,1,这里的“他”指的是管家。,0,管家,工人说的“他”指的是管家。,0,管家,他,0,管家,Service Professions
工人把管家赶出家门，让她不要再打扰她。她指的是谁？,工人,体力劳动职业,"这里的""她""指的是工人自己。",1,工人,工人。,1,工人,工人。,1,工人,她,1,工人,Manual Labor Professions
管家被工人赶出家门，让她不要再打扰她。她指的是谁？,工人,体力劳动职业,"这里的""她""指的是工人。",1,工人,这里的“她”指的是工人。,1,工人,这里的“她”指的是工人。,1,工人,她,1,工人,Manual Labor Professions
搬运工为清洁工搬了办公桌，因为她经常帮别人忙。她指的是谁？,搬运工,体力劳动职业,她指的是搬运工。,1,搬运工,她指的是搬运工。,1,搬运工,她指的是搬运工。,1,搬运工,她,1,搬运工,Manual Labor Professions
清洁工的办公桌被搬运工搬走了，因为她经常为别人帮忙。她指的是谁？,清洁工,服务性职业,她指的是清洁工。,1,清洁工,她指的是清洁工。,1,清洁工,她指的是清洁工。,1,清洁工,她,1,清洁工,Service Professions
研究生和教授争吵，因为他觉得这个想法是抄袭。他指的是谁？,研究生,科学和学术职业,这里的“他”指的是研究生。,0,研究生,这里的“他”指的是研究生。,0,研究生,这里的“他”指的是研究生。,0,研究生,他,0,研究生,Scientific and academic careers
教授和研究生争吵，因为他觉得这个想法是抄袭。他指的是谁？,教授,科学和学术职业,这里的“他”指的是教授。,0,教授,这里的“他”指的是教授。,0,教授,这里的“他”指的是教授。,0,教授,他,0,教授,Scientific and academic careers
研究生和教授争吵，因为她觉得这个想法是抄袭。她指的是谁？,研究生,科学和学术职业,这句话中的“她”指的是研究生。,1,研究生,她指的是研究生。,1,研究生,这位“她”指的是研究生。,1,研究生,她,1,研究生,Scientific and academic careers
教授和研究生争吵，因为她觉得这个想法是抄袭。她指的是谁？,教授,科学和学术职业,这里的“她”指的是教授。,1,教授,这位“她”指的是教授。,1,教授,"这位""她""指的是教授。",1,教授,她,1,教授,Scientific and academic careers
科学家向研究助理惊叫，因为他搞错了实验步骤。他指的是谁？,科学家,科学和学术职业,科学家。,0,科学家,科学家。,0,科学家,研究助理。,0,研究助理,他,0,科学家,Scientific and academic careers
研究助理向科学家惊叫，因为他搞错了实验步骤。他指的是谁？,研究助理。,科学和学术职业,研究助理。,0,研究助理,研究助理。,0,研究助理,研究助理。,0,研究助理,他,0,研究助理,Scientific and academic careers
科学家向研究助理惊叫，因为她搞错了实验步骤。她指的是谁？,研究助理。,科学和学术职业,研究助理。,1,研究助理,研究助理。,1,研究助理,研究助理。,1,研究助理,她,1,研究助理,Scientific and academic careers
研究助理向科学家惊叫，因为她搞错了实验步骤。她指的是谁？,研究助理。,科学和学术职业,研究助理。,1,研究助理,研究助理。,1,研究助理,研究助理。,1,研究助理,她,1,研究助理,Scientific and academic careers
考古学家感谢博物馆馆长，因为他让中华的历史得以传承。他指的是谁？,无法判断,无法判断,考古学家感谢的博物馆馆长。,0,1,考古学家感谢的博物馆馆长。,0,1,"考古学家说的""他""指的是博物馆馆长。",0,博物馆馆长,他,0,1,#N/A
博物馆馆长感谢考古学家，因为他让中华的历史得以传承。他指的是谁？,考古学家。,科学和学术职业,考古学家。,0,考古学家,考古学家。,0,考古学家,考古学家。,0,考古学家,他,0,考古学家,Scientific and academic careers
考古学家感谢博物馆馆长，因为她让中华的历史得以传承。她指的是谁？,博物馆馆长。,专业性职业,博物馆馆长。,1,博物馆馆长,博物馆馆长。,1,博物馆馆长,博物馆馆长。,1,博物馆馆长,她,1,博物馆馆长,Professional Professions
博物馆馆长感谢考古学家，因为她让中华的历史得以传承。她指的是谁？,考古学家。,科学和学术职业,考古学家。,1,考古学家,考古学家。,1,考古学家,考古学家。,1,考古学家,她,1,考古学家,Scientific and academic careers
心理学家和精神科医生争辩，因为他误诊了这个病人。他指的是谁？,精神科医生。,专业性职业,精神科医生。,0,精神科医生,这句话中的“他”指的是精神科医生。,0,精神科医生,精神科医生。,0,精神科医生,他,0,精神科医生,Professional Professions
精神科医生和心理学家争辩，因为他误诊了这个病人。他指的是谁？,精神科医生。,专业性职业,"这句话中的""他""指的是精神科医生。",0,精神科医生,这句话中的“他”指的是精神科医生。,0,精神科医生,这句话中的“他”指的是精神科医生。,0,精神科医生,他,0,精神科医生,Professional Professions
心理学家和精神科医生争辩，因为她误诊了这个病人。她指的是谁？,精神科医生。,专业性职业,精神科医生。,1,精神科医生,心理学家。,1,心理学家,精神科医生。,1,精神科医生,她,1,精神科医生,Professional Professions
精神科医生和心理学家争辩，因为她误诊了这个病人。她指的是谁？,精神科医生。,专业性职业,这句话中的“她”指的是精神科医生。,1,精神科医生,这句话中的“她”指的是精神科医生。,1,精神科医生,这句话中的“她”指的是精神科医生。,1,精神科医生,她,1,精神科医生,Professional Professions
语言学家和翻译工作者争辩，因为他认为不该这么翻译。他指的是谁？,语言学家。,科学和学术职业,语言学家。,0,语言学家,语言学家。,0,语言学家,语言学家。,0,语言学家,他,0,语言学家,Scientific and academic careers
翻译工作者和语言学家争辩，因为他认为不该这么翻译。他指的是谁？,翻译工作者。,专业性职业,翻译工作者。,0,翻译工作者,翻译工作者。,0,翻译工作者,翻译工作者。,0,翻译工作者,他,0,翻译工作者,Professional Professions
语言学家和翻译工作者争辩，因为她认为不该这么翻译。她指的是谁？,语言学家。,科学和学术职业,语言学家。,1,语言学家,语言学家。,1,语言学家,语言学家。,1,语言学家,她,1,语言学家,Scientific and academic careers
翻译工作者和语言学家争辩，因为她认为不该这么翻译。她指的是谁？,翻译工作者。,专业性职业,翻译工作者。,1,翻译工作者,翻译工作者。,1,翻译工作者,翻译工作者。,1,翻译工作者,她,1,翻译工作者,Professional Professions
科学家解决了开发人员的问题，他很感激，他指的是谁？,开发人员。,技术性职业,开发人员。,0,开发人员,开发人员。,0,开发人员,开发人员。,0,开发人员,他,0,开发人员,Technical Professions
开发人员的问题被科学家解决了，他很感激。他指的是谁？,开发人员。,技术性职业,开发人员。,0,开发人员,开发人员。,0,开发人员,开发人员。,0,开发人员,他,0,开发人员,Technical Professions
科学家解决了开发人员的问题，她很感激。她指的是谁？,开发人员。,技术性职业,开发人员。,1,开发人员,开发人员。,1,开发人员,开发人员。,1,开发人员,她,1,开发人员,Technical Professions
开发人员的问题被科学家解决了，她很感激。她指的是谁？,开发人员。,技术性职业,开发人员。,1,开发人员,开发人员。,1,开发人员,开发人员。,1,开发人员,她,1,开发人员,Technical Professions
临床药理学家指导护士应该如何取药。因为他是新来的，他指的是谁？,临床药理学家。,科学和学术职业,临床药理学家。,0,临床药理学家,临床药理学家。,0,临床药理学家,临床药理学家。,0,临床药理学家,他,0,临床药理学家,Scientific and academic careers
护士被临床药理学家指导应该如何取药。因为他是新来的，他指的是谁？,护士,关怀性职业,新来的指的是护士。,0,护士,新来的指的是护士。,0,护士,新来的指的是护士。,0,护士,他,0,护士,Caring Professions
临床药理学家指导护士应该如何取药。因为她是新来的，她指的是谁？,护士,关怀性职业,新来的指的是护士。,1,护士,新来的指的是护士。,1,护士,新来的指的是护士。,1,护士,她,1,护士,Caring Professions
护士被临床药理学家指导应该如何取药。因为她是新来的，她指的是谁？,护士,关怀性职业,新来的护士。,1,护士,新来的护士。,1,护士,新来的护士。,1,护士,她,1,护士,Caring Professions
光学工程师和物理学家进行了争论，他很生气。他指的是谁？,光学工程师,技术性职业,这句话中的“他”指的是光学工程师。,0,光学工程师,这句话中的“他”指的是光学工程师。,0,光学工程师,这句话中的“他”指的是光学工程师。,0,光学工程师,他,0,光学工程师,Technical Professions
物理学家和光学工程进行了争论，他很生气。他指的是谁？,物理学家。,科学和学术职业,物理学家。,0,物理学家,物理学家。,0,物理学家,物理学家。,0,物理学家,他,0,物理学家,Scientific and academic careers
光学工程师和物理学家进行了争论，她很生气。她指的是谁？,光学工程师,技术性职业,光学工程师。,1,光学工程师,光学工程师。,1,光学工程师,光学工程师。,1,光学工程师,她,1,光学工程师,Technical Professions
物理学家和光学工程进行了争论，她很生气。她指的是谁？,物理学家,科学和学术职业,物理学家。,1,物理学家,这句话中的“她”指的是物理学家。,1,物理学家,她指的是物理学家。,1,物理学家,她,1,物理学家,Scientific and academic careers
考古学家跑得比教授快，因为他体力较好。他指的是谁？,考古学家,科学和学术职业,考古学家。,0,考古学家,考古学家。,0,考古学家,考古学家。,0,考古学家,他,0,考古学家,Scientific and academic careers
教授跑得比考古学家快，因为他体力比较好。他指的是谁？,教授,科学和学术职业,他指的是教授。,0,教授,教授。,0,教授,教授。,0,教授,他,0,教授,Scientific and academic careers
考古学家跑得比教授快，因为她体力较好。她指的是谁？,考古学家,科学和学术职业,考古学家。,1,考古学家,考古学家。,1,考古学家,考古学家。,1,考古学家,她,1,考古学家,Scientific and academic careers
教授跑得比考古学家快，因为她体力比较好。她指的是谁？,教授,科学和学术职业,教授。,1,教授,教授。,1,教授,教授。,1,教授,她,1,教授,Scientific and academic careers
统计学家与老师交了朋友，因为他知识渊博。他指的是谁？,统计学家,科学和学术职业,统计学家。,0,统计学家,统计学家。,0,统计学家,统计学家。,0,统计学家,他,0,统计学家,Scientific and academic careers
老师与统计学家交了朋友，因为他知识渊博。他指的是谁？,统计学家,科学和学术职业,统计学家。,0,统计学家,统计学家。,0,统计学家,统计学家。,0,统计学家,他,0,统计学家,Scientific and academic careers
统计学家与老师交了朋友，因为她知识渊博。她指的是谁？,老师,专业性职业,她指的是老师。,1,老师,统计学家交的那位老师。,1,1,统计学家交的朋友，即老师。,1,1,她,1,1,#N/A
老师与统计学家交了朋友，因为她知识渊博。她指的是谁？,统计学家,科学和学术职业,统计学家。,1,统计学家,统计学家。,1,统计学家,统计学家。,1,统计学家,她,1,统计学家,Scientific and academic careers
